case,target_total_time,actual_total_time,stella_tend,solver_to_stella_total_time_ratio,time_window_passed,first_failed_check,ky,growth_rate,reference_growth,growth_error,growth_delta_from_first_case,frequency,reference_frequency,frequency_error,frequency_delta_from_first_case,phi_phase_aligned_error,kperp2_average,quasilinear_contribution,raw_final_amplitude,max_growth_error,max_frequency_error,max_profile_error,late_window_growth_delta,estimated_cfl_dt,finite_growth,finite_frequency,dt,steps_per_window,n_windows,wall_seconds
smoke_0p006,0.006,0.006,200.0,3e-05,False,growth_window_time_normalization,0.1,0.6571563089603494,-0.0007797962033046558,0.6579361051636541,0.0,-0.011745974034791402,-0.06573003284376668,0.05398405880897528,0.0,0.11070205745377523,0.03579618229081449,18.358279204277636,1.0006572844448307,0.6579361051636541,0.10776992937516834,0.11070205745377523,0.0003813900966894712,0.16699681907807115,True,True,0.001,1,6,2.921971125062555
smoke_0p006,0.006,0.006,200.0,3e-05,False,growth_window_time_normalization,0.2,0.6361302101447919,-0.004876056537197182,0.641006266681989,0.0,-0.010414663463440693,-0.11818459283860903,0.10776992937516834,0.0,0.10997261742605682,0.14289300410034372,4.451793942925509,1.0006363080943879,0.6579361051636541,0.10776992937516834,0.11070205745377523,0.0003813900966894712,0.16699681907807115,True,True,0.001,1,6,2.921971125062555
smoke_0p006,0.006,0.006,200.0,3e-05,False,growth_window_time_normalization,0.3,0.5526896367666011,0.009619443823361787,0.5430701929432393,0.0,-0.009517324054839557,-0.0028493457942134434,-0.006667978260626114,0.0,0.10904248064100534,0.36085328728448696,1.531618683382934,1.0005529678947078,0.6579361051636541,0.10776992937516834,0.11070205745377523,0.0003813900966894712,0.16699681907807115,True,True,0.001,1,6,2.921971125062555
time_1,1.0,1.0,200.0,0.005,False,growth_window_time_normalization,0.1,0.5166360885094138,-0.0007797962033046558,0.5174158847127185,-0.1405202204509356,-0.010176340929250067,-0.06573003284376668,0.05555369191451661,0.0015696331055413352,0.13127916941876674,0.036496346638478776,14.155830270160767,1.0489647350713387,0.5231970699301207,0.10153805275888242,0.14363109322991582,0.1008047476051851,0.16699681907807115,True,True,0.02,5,10,0.40880341711454093
time_1,1.0,1.0,200.0,0.005,False,growth_window_time_normalization,0.2,0.5183210133929236,-0.004876056537197182,0.5231970699301207,-0.1178091967518683,-0.016646540079726612,-0.11818459283860903,0.10153805275888242,-0.006231876616285919,0.13748051721782537,0.13367856966684952,3.87736803797941,1.0493852655277036,0.5231970699301207,0.10153805275888242,0.14363109322991582,0.1008047476051851,0.16699681907807115,True,True,0.02,5,10,0.40880341711454093
time_1,1.0,1.0,200.0,0.005,False,growth_window_time_normalization,0.3,0.5024913011741452,0.009619443823361787,0.4928718573507834,-0.0501983355924559,-0.02278369432844971,-0.0028493457942134434,-0.019934348534236264,-0.013266370273610151,0.14363109322991582,0.28494482294537093,1.763468786617395,1.0486004097817423,0.5231970699301207,0.10153805275888242,0.14363109322991582,0.1008047476051851,0.16699681907807115,True,True,0.02,5,10,0.40880341711454093
time_5,5.0,5.0,200.0,0.025,False,growth_window_time_normalization,0.1,0.2131055968316198,-0.0007797962033046558,0.21388539303492446,-0.4440507121287296,-0.01697183155907473,-0.06573003284376668,0.048758201284691945,-0.005225857524283329,0.14296071576066038,0.03802235100402751,5.604745398395852,1.0151525715363416,0.21802139976454218,0.08439102411699528,0.14296071576066038,0.23784514859503184,0.16699681907807115,True,True,0.02,5,50,1.0117627081926912
time_5,5.0,5.0,200.0,0.025,False,growth_window_time_normalization,0.2,0.213145343227345,-0.004876056537197182,0.21802139976454218,-0.42298486691744686,-0.03379356872161376,-0.11818459283860903,0.08439102411699528,-0.023378905258173065,0.14076190235772396,0.13715200005296085,1.5540811883420251,1.0139727080259324,0.21802139976454218,0.08439102411699528,0.14296071576066038,0.23784514859503184,0.16699681907807115,True,True,0.02,5,50,1.0117627081926912
time_5,5.0,5.0,200.0,0.025,False,growth_window_time_normalization,0.3,0.21050665966678278,0.009619443823361787,0.200887215843421,-0.3421829770998183,-0.0511576126543482,-0.0028493457942134434,-0.04830826686013476,-0.04164028859950864,0.13594177011867786,0.2719580946569525,0.7740407945258682,1.0122603961785264,0.21802139976454218,0.08439102411699528,0.14296071576066038,0.23784514859503184,0.16699681907807115,True,True,0.02,5,50,1.0117627081926912
time_20,20.0,20.0,200.0,0.1,False,growth_window_time_normalization,0.1,-0.1238540171183172,-0.0007797962033046558,-0.12307422091501255,-0.7810103260786666,-0.04133970882616402,-0.06573003284376668,0.024390324017602653,-0.02959373479137262,0.12113916686820932,0.049393198814334495,0.0,0.9730838970434371,0.12307422091501255,0.08876838380576851,0.1672007808562221,0.33579005655553573,0.16699681907807115,True,True,0.02,5,200,3.6384540828876197
time_20,20.0,20.0,200.0,0.1,False,growth_window_time_normalization,0.2,-0.0973583421928994,-0.004876056537197182,-0.09248228565570223,-0.7334885523376913,-0.068972169884089,-0.11818459283860903,0.04921242295452004,-0.0585575064206483,0.15461651664608497,0.162597049553826,0.0,0.992688044547329,0.12307422091501255,0.08876838380576851,0.1672007808562221,0.33579005655553573,0.16699681907807115,True,True,0.02,5,200,3.6384540828876197
time_20,20.0,20.0,200.0,0.1,False,growth_window_time_normalization,0.3,-0.07729582221945139,0.009619443823361787,-0.08691526604281317,-0.6299854589860525,-0.09161772959998196,-0.0028493457942134434,-0.08876838380576851,-0.0821004055451424,0.1672007808562221,0.305321704226854,0.0,0.9979825660416093,0.12307422091501255,0.08876838380576851,0.1672007808562221,0.33579005655553573,0.16699681907807115,True,True,0.02,5,200,3.6384540828876197
time_100,100.0,100.0,200.0,0.5,True,velocity_rhs_terms,0.1,0.0014278712450036225,-0.0007797962033046558,0.0022076674483082785,-0.6557284377153457,-0.019384247627672484,-0.06573003284376668,0.04634578521609419,-0.007638273592881082,0.11045577321088534,0.0425186352464411,0.03358224544823687,0.9958321230201167,0.01129943012595958,0.08173154316016701,0.174004958214844,0.04014866528314272,0.16699681907807115,True,True,0.02,5,1000,17.52677704114467
time_100,100.0,100.0,200.0,0.5,True,velocity_rhs_terms,0.2,-0.0008187790663053875,-0.004876056537197182,0.004057277470891794,-0.6369489892110972,-0.03645304967844202,-0.11818459283860903,0.08173154316016701,-0.026038386215001326,0.14625918074465868,0.15545928869557837,0.0,0.9993693928531546,0.01129943012595958,0.08173154316016701,0.174004958214844,0.04014866528314272,0.16699681907807115,True,True,0.02,5,1000,17.52677704114467
time_100,100.0,100.0,200.0,0.5,True,velocity_rhs_terms,0.3,-0.0016799863025977943,0.009619443823361787,-0.01129943012595958,-0.5543696230691989,-0.04698726170815198,-0.0028493457942134434,-0.044137915913938536,-0.03746993765331242,0.174004958214844,0.27894906158434285,0.0,1.002298002297792,0.01129943012595958,0.08173154316016701,0.174004958214844,0.04014866528314272,0.16699681907807115,True,True,0.02,5,1000,17.52677704114467
time_200,200.0,200.0,200.0,1.0,True,velocity_rhs_terms,0.1,0.0005288919268420666,-0.0007797962033046558,0.0013086881301467225,-0.6566274170335074,0.022745651982453704,-0.06573003284376668,0.08847568482622038,0.034491626017245106,0.14717422297330432,0.05813452686969374,0.009097724799901777,1.0051748522832151,0.00800978266875123,0.13370626387568643,0.1861334266087764,0.023673122635288976,0.16699681907807115,True,True,0.02,5,2000,39.623934499919415
time_200,200.0,200.0,200.0,1.0,True,velocity_rhs_terms,0.2,0.00016849201492570928,-0.004876056537197182,0.005044548552122891,-0.6359617181298661,0.01552167103707741,-0.11818459283860903,0.13370626387568643,0.025936334500518105,0.1628235787667622,0.17903069890001472,0.0009411347660485187,1.000464582334496,0.00800978266875123,0.13370626387568643,0.1861334266087764,0.023673122635288976,0.16699681907807115,True,True,0.02,5,2000,39.623934499919415
time_200,200.0,200.0,200.0,1.0,True,velocity_rhs_terms,0.3,0.0016096611546105569,0.009619443823361787,-0.00800978266875123,-0.5510799756119905,-0.007437318027709048,-0.0028493457942134434,-0.004587972233495604,0.0020800060271305093,0.1861334266087764,0.2942194023022561,0.005470955151188352,1.0024202957807467,0.00800978266875123,0.13370626387568643,0.1861334266087764,0.023673122635288976,0.16699681907807115,True,True,0.02,5,2000,39.623934499919415
