z_index,z,normalized_phi_power,streaming_delta_profile,field_drive_delta_profile,field_residual_profile,is_target_z,time,target_z,peak_z,second_moment,local_streaming_delta,max_streaming_delta,boundary_streaming_delta,local_field_drive_delta,max_field_drive_delta,boundary_field_drive_delta,field_residual_max,field_reconstruction_error,rhs_assembly_error,status,notes
0,-4.40625,8.084162891139495e-07,0.001937324280884201,1.7133137658305798e-06,2.42434975903054e-19,False,3.72,0.09375,0.09375,0.032992775141809566,0.005228399497117055,0.007044002628973733,0.0019373242808842016,2.7611004325485534e-19,2.1023285024078316e-06,1.7133137658305798e-06,4.742874840267547e-16,3.7238012298709097e-16,0.0,PASS,"central profile operator audit; initial_profile=cosine, normalization_model=gkw_unweighted, target_z=0.09375"
1,-4.21875,7.434020174495214e-08,0.0015058919330370158,2.1023285024078316e-06,1.6263032587282567e-19,False,3.72,0.09375,0.09375,0.032992775141809566,0.005228399497117055,0.007044002628973733,0.0019373242808842016,2.7611004325485534e-19,2.1023285024078316e-06,1.7133137658305798e-06,4.742874840267547e-16,3.7238012298709097e-16,0.0,PASS,"central profile operator audit; initial_profile=cosine, normalization_model=gkw_unweighted, target_z=0.09375"
2,-4.03125,1.4241964746848318e-05,0.0023523508500430763,2.6023024937438976e-24,3.127317220692751e-18,False,3.72,0.09375,0.09375,0.032992775141809566,0.005228399497117055,0.007044002628973733,0.0019373242808842016,2.7611004325485534e-19,2.1023285024078316e-06,1.7133137658305798e-06,4.742874840267547e-16,3.7238012298709097e-16,0.0,PASS,"central profile operator audit; initial_profile=cosine, normalization_model=gkw_unweighted, target_z=0.09375"
3,-3.84375,2.382161106437293e-05,0.002103126290892674,5.328524261182569e-22,9.69739903612216e-18,False,3.72,0.09375,0.09375,0.032992775141809566,0.005228399497117055,0.007044002628973733,0.0019373242808842016,2.7611004325485534e-19,2.1023285024078316e-06,1.7133137658305798e-06,4.742874840267547e-16,3.7238012298709097e-16,0.0,PASS,"central profile operator audit; initial_profile=cosine, normalization_model=gkw_unweighted, target_z=0.09375"
4,-3.65625,3.2386875635343273e-06,0.002157507014462755,5.949971862812169e-22,4.6317137111987765e-19,False,3.72,0.09375,0.09375,0.032992775141809566,0.005228399497117055,0.007044002628973733,0.0019373242808842016,2.7611004325485534e-19,2.1023285024078316e-06,1.7133137658305798e-06,4.742874840267547e-16,3.7238012298709097e-16,0.0,PASS,"central profile operator audit; initial_profile=cosine, normalization_model=gkw_unweighted, target_z=0.09375"
5,-3.46875,7.72982351429331e-06,0.0023691035997540216,9.041981013189745e-23,1.939479807224432e-18,False,3.72,0.09375,0.09375,0.032992775141809566,0.005228399497117055,0.007044002628973733,0.0019373242808842016,2.7611004325485534e-19,2.1023285024078316e-06,1.7133137658305798e-06,4.742874840267547e-16,3.7238012298709097e-16,0.0,PASS,"central profile operator audit; initial_profile=cosine, normalization_model=gkw_unweighted, target_z=0.09375"
6,-3.28125,3.060053393723684e-06,0.0018859661225887714,1.3349701212360008e-21,8.673617379884035e-19,False,3.72,0.09375,0.09375,0.032992775141809566,0.005228399497117055,0.007044002628973733,0.0019373242808842016,2.7611004325485534e-19,2.1023285024078316e-06,1.7133137658305798e-06,4.742874840267547e-16,3.7238012298709097e-16,0.0,PASS,"central profile operator audit; initial_profile=cosine, normalization_model=gkw_unweighted, target_z=0.09375"
7,-3.09375,4.104109594337856e-06,0.002185998666882277,3.7332224874915943e-22,1.8526854844795106e-18,False,3.72,0.09375,0.09375,0.032992775141809566,0.005228399497117055,0.007044002628973733,0.0019373242808842016,2.7611004325485534e-19,2.1023285024078316e-06,1.7133137658305798e-06,4.742874840267547e-16,3.7238012298709097e-16,0.0,PASS,"central profile operator audit; initial_profile=cosine, normalization_model=gkw_unweighted, target_z=0.09375"
8,-2.90625,1.4819915436511075e-06,0.0022102955395704184,7.257863095968218e-22,1.1677214766175423e-18,False,3.72,0.09375,0.09375,0.032992775141809566,0.005228399497117055,0.007044002628973733,0.0019373242808842016,2.7611004325485534e-19,2.1023285024078316e-06,1.7133137658305798e-06,4.742874840267547e-16,3.7238012298709097e-16,0.0,PASS,"central profile operator audit; initial_profile=cosine, normalization_model=gkw_unweighted, target_z=0.09375"
9,-2.71875,1.583156555047372e-07,0.0019234809245600906,6.472439804809118e-22,1.3080821703607507e-18,False,3.72,0.09375,0.09375,0.032992775141809566,0.005228399497117055,0.007044002628973733,0.0019373242808842016,2.7611004325485534e-19,2.1023285024078316e-06,1.7133137658305798e-06,4.742874840267547e-16,3.7238012298709097e-16,0.0,PASS,"central profile operator audit; initial_profile=cosine, normalization_model=gkw_unweighted, target_z=0.09375"
10,-2.53125,6.639930814853156e-06,0.002421464822450256,3.1321213707988442e-21,1.371419323662774e-18,False,3.72,0.09375,0.09375,0.032992775141809566,0.005228399497117055,0.007044002628973733,0.0019373242808842016,2.7611004325485534e-19,2.1023285024078316e-06,1.7133137658305798e-06,4.742874840267547e-16,3.7238012298709097e-16,0.0,PASS,"central profile operator audit; initial_profile=cosine, normalization_model=gkw_unweighted, target_z=0.09375"
11,-2.34375,1.4513499296474528e-05,0.002230903224344763,3.316782401060915e-22,4.336808689942018e-18,False,3.72,0.09375,0.09375,0.032992775141809566,0.005228399497117055,0.007044002628973733,0.0019373242808842016,2.7611004325485534e-19,2.1023285024078316e-06,1.7133137658305798e-06,4.742874840267547e-16,3.7238012298709097e-16,0.0,PASS,"central profile operator audit; initial_profile=cosine, normalization_model=gkw_unweighted, target_z=0.09375"
12,-2.15625,7.096807594694256e-06,0.0021440946006160964,1.1765722657042511e-21,5.421010862427522e-19,False,3.72,0.09375,0.09375,0.032992775141809566,0.005228399497117055,0.007044002628973733,0.0019373242808842016,2.7611004325485534e-19,2.1023285024078316e-06,1.7133137658305798e-06,4.742874840267547e-16,3.7238012298709097e-16,0.0,PASS,"central profile operator audit; initial_profile=cosine, normalization_model=gkw_unweighted, target_z=0.09375"
13,-1.96875,5.217679075106474e-06,0.002437630252705367,3.151037875102059e-21,5.244670419506027e-18,False,3.72,0.09375,0.09375,0.032992775141809566,0.005228399497117055,0.007044002628973733,0.0019373242808842016,2.7611004325485534e-19,2.1023285024078316e-06,1.7133137658305798e-06,4.742874840267547e-16,3.7238012298709097e-16,0.0,PASS,"central profile operator audit; initial_profile=cosine, normalization_model=gkw_unweighted, target_z=0.09375"
14,-1.78125,3.533055278275599e-06,0.0020276852030356673,2.12558347053396e-21,1.6935779332544402e-18,False,3.72,0.09375,0.09375,0.032992775141809566,0.005228399497117055,0.007044002628973733,0.0019373242808842016,2.7611004325485534e-19,2.1023285024078316e-06,1.7133137658305798e-06,4.742874840267547e-16,3.7238012298709097e-16,0.0,PASS,"central profile operator audit; initial_profile=cosine, normalization_model=gkw_unweighted, target_z=0.09375"
15,-1.59375,8.462155259987753e-06,0.0021878903952264293,1.5126955674941973e-21,3.484660190605998e-18,False,3.72,0.09375,0.09375,0.032992775141809566,0.005228399497117055,0.007044002628973733,0.0019373242808842016,2.7611004325485534e-19,2.1023285024078316e-06,1.7133137658305798e-06,4.742874840267547e-16,3.7238012298709097e-16,0.0,PASS,"central profile operator audit; initial_profile=cosine, normalization_model=gkw_unweighted, target_z=0.09375"
16,-1.40625,2.570447803069783e-06,0.002206405199770258,4.778554254828096e-21,8.690541527449943e-18,False,3.72,0.09375,0.09375,0.032992775141809566,0.005228399497117055,0.007044002628973733,0.0019373242808842016,2.7611004325485534e-19,2.1023285024078316e-06,1.7133137658305798e-06,4.742874840267547e-16,3.7238012298709097e-16,0.0,PASS,"central profile operator audit; initial_profile=cosine, normalization_model=gkw_unweighted, target_z=0.09375"
17,-1.21875,5.68750665223831e-07,0.002032045409776728,2.7972573435521886e-21,1.893477691975265e-18,False,3.72,0.09375,0.09375,0.032992775141809566,0.005228399497117055,0.007044002628973733,0.0019373242808842016,2.7611004325485534e-19,2.1023285024078316e-06,1.7133137658305798e-06,4.742874840267547e-16,3.7238012298709097e-16,0.0,PASS,"central profile operator audit; initial_profile=cosine, normalization_model=gkw_unweighted, target_z=0.09375"
18,-1.03125,5.833011185044657e-05,0.002541175043469264,1.2457017083271858e-20,7.359808400080196e-18,False,3.72,0.09375,0.09375,0.032992775141809566,0.005228399497117055,0.007044002628973733,0.0019373242808842016,2.7611004325485534e-19,2.1023285024078316e-06,1.7133137658305798e-06,4.742874840267547e-16,3.7238012298709097e-16,0.0,PASS,"central profile operator audit; initial_profile=cosine, normalization_model=gkw_unweighted, target_z=0.09375"
19,-0.84375,0.0002143974490507896,0.002750064262515853,1.4975099716203105e-20,6.952433221959954e-18,False,3.72,0.09375,0.09375,0.032992775141809566,0.005228399497117055,0.007044002628973733,0.0019373242808842016,2.7611004325485534e-19,2.1023285024078316e-06,1.7133137658305798e-06,4.742874840267547e-16,3.7238012298709097e-16,0.0,PASS,"central profile operator audit; initial_profile=cosine, normalization_model=gkw_unweighted, target_z=0.09375"
20,-0.65625,0.0002826516659839184,0.0033598042911225237,5.682466960122153e-20,1.0551910960100404e-17,False,3.72,0.09375,0.09375,0.032992775141809566,0.005228399497117055,0.007044002628973733,0.0019373242808842016,2.7611004325485534e-19,2.1023285024078316e-06,1.7133137658305798e-06,4.742874840267547e-16,3.7238012298709097e-16,0.0,PASS,"central profile operator audit; initial_profile=cosine, normalization_model=gkw_unweighted, target_z=0.09375"
21,-0.46875,0.005154853549015438,0.006396703699637314,1.4297607109942823e-19,9.813077866773594e-17,False,3.72,0.09375,0.09375,0.032992775141809566,0.005228399497117055,0.007044002628973733,0.0019373242808842016,2.7611004325485534e-19,2.1023285024078316e-06,1.7133137658305798e-06,4.742874840267547e-16,3.7238012298709097e-16,0.0,PASS,"central profile operator audit; initial_profile=cosine, normalization_model=gkw_unweighted, target_z=0.09375"
22,-0.28125,0.1372043805990745,0.007044002628973733,3.1093881849517305e-19,2.2247786310271853e-16,False,3.72,0.09375,0.09375,0.032992775141809566,0.005228399497117055,0.007044002628973733,0.0019373242808842016,2.7611004325485534e-19,2.1023285024078316e-06,1.7133137658305798e-06,4.742874840267547e-16,3.7238012298709097e-16,0.0,PASS,"central profile operator audit; initial_profile=cosine, normalization_model=gkw_unweighted, target_z=0.09375"
23,-0.09375,0.35697806498567014,0.005228399497117055,4.529089671752124e-19,4.742874840267547e-16,False,3.72,0.09375,0.09375,0.032992775141809566,0.005228399497117055,0.007044002628973733,0.0019373242808842016,2.7611004325485534e-19,2.1023285024078316e-06,1.7133137658305798e-06,4.742874840267547e-16,3.7238012298709097e-16,0.0,PASS,"central profile operator audit; initial_profile=cosine, normalization_model=gkw_unweighted, target_z=0.09375"
24,0.09375,0.35697806498567025,0.005228399497117055,2.7611004325485534e-19,1.5700924586837752e-16,True,3.72,0.09375,0.09375,0.032992775141809566,0.005228399497117055,0.007044002628973733,0.0019373242808842016,2.7611004325485534e-19,2.1023285024078316e-06,1.7133137658305798e-06,4.742874840267547e-16,3.7238012298709097e-16,0.0,PASS,"central profile operator audit; initial_profile=cosine, normalization_model=gkw_unweighted, target_z=0.09375"
25,0.28125,0.1372043805990743,0.0070440026289737305,2.6696548873752583e-19,1.4946834900704541e-16,False,3.72,0.09375,0.09375,0.032992775141809566,0.005228399497117055,0.007044002628973733,0.0019373242808842016,2.7611004325485534e-19,2.1023285024078316e-06,1.7133137658305798e-06,4.742874840267547e-16,3.7238012298709097e-16,0.0,PASS,"central profile operator audit; initial_profile=cosine, normalization_model=gkw_unweighted, target_z=0.09375"
26,0.46875,0.005154853549015449,0.00639670369963731,1.5210184070211187e-19,9.309503074677274e-17,False,3.72,0.09375,0.09375,0.032992775141809566,0.005228399497117055,0.007044002628973733,0.0019373242808842016,2.7611004325485534e-19,2.1023285024078316e-06,1.7133137658305798e-06,4.742874840267547e-16,3.7238012298709097e-16,0.0,PASS,"central profile operator audit; initial_profile=cosine, normalization_model=gkw_unweighted, target_z=0.09375"
27,0.65625,0.0002826516659839186,0.003359804291122522,4.315685598912195e-20,8.673617379884035e-18,False,3.72,0.09375,0.09375,0.032992775141809566,0.005228399497117055,0.007044002628973733,0.0019373242808842016,2.7611004325485534e-19,2.1023285024078316e-06,1.7133137658305798e-06,4.742874840267547e-16,3.7238012298709097e-16,0.0,PASS,"central profile operator audit; initial_profile=cosine, normalization_model=gkw_unweighted, target_z=0.09375"
28,0.84375,0.00021439744905078965,0.0027500642625158532,5.24233115150054e-21,2.778605206969998e-17,False,3.72,0.09375,0.09375,0.032992775141809566,0.005228399497117055,0.007044002628973733,0.0019373242808842016,2.7611004325485534e-19,2.1023285024078316e-06,1.7133137658305798e-06,4.742874840267547e-16,3.7238012298709097e-16,0.0,PASS,"central profile operator audit; initial_profile=cosine, normalization_model=gkw_unweighted, target_z=0.09375"
29,1.03125,5.833011185044671e-05,0.002541175043469264,1.1550708207157236e-20,5.485677294651096e-18,False,3.72,0.09375,0.09375,0.032992775141809566,0.005228399497117055,0.007044002628973733,0.0019373242808842016,2.7611004325485534e-19,2.1023285024078316e-06,1.7133137658305798e-06,4.742874840267547e-16,3.7238012298709097e-16,0.0,PASS,"central profile operator audit; initial_profile=cosine, normalization_model=gkw_unweighted, target_z=0.09375"
30,1.21875,5.687506652238305e-07,0.002032045409776727,1.1073246472328373e-21,1.3585014283360144e-18,False,3.72,0.09375,0.09375,0.032992775141809566,0.005228399497117055,0.007044002628973733,0.0019373242808842016,2.7611004325485534e-19,2.1023285024078316e-06,1.7133137658305798e-06,4.742874840267547e-16,3.7238012298709097e-16,0.0,PASS,"central profile operator audit; initial_profile=cosine, normalization_model=gkw_unweighted, target_z=0.09375"
31,1.40625,2.5704478030698127e-06,0.002206405199770257,6.428880189051003e-23,2.6223352097530134e-18,False,3.72,0.09375,0.09375,0.032992775141809566,0.005228399497117055,0.007044002628973733,0.0019373242808842016,2.7611004325485534e-19,2.1023285024078316e-06,1.7133137658305798e-06,4.742874840267547e-16,3.7238012298709097e-16,0.0,PASS,"central profile operator audit; initial_profile=cosine, normalization_model=gkw_unweighted, target_z=0.09375"
32,1.59375,8.462155259987758e-06,0.002187890395226429,9.21738062577691e-22,2.6020852139652106e-18,False,3.72,0.09375,0.09375,0.032992775141809566,0.005228399497117055,0.007044002628973733,0.0019373242808842016,2.7611004325485534e-19,2.1023285024078316e-06,1.7133137658305798e-06,4.742874840267547e-16,3.7238012298709097e-16,0.0,PASS,"central profile operator audit; initial_profile=cosine, normalization_model=gkw_unweighted, target_z=0.09375"
33,1.78125,3.5330552782755926e-06,0.0020276852030356664,2.6750860038617382e-21,3.043500531374954e-18,False,3.72,0.09375,0.09375,0.032992775141809566,0.005228399497117055,0.007044002628973733,0.0019373242808842016,2.7611004325485534e-19,2.1023285024078316e-06,1.7133137658305798e-06,4.742874840267547e-16,3.7238012298709097e-16,0.0,PASS,"central profile operator audit; initial_profile=cosine, normalization_model=gkw_unweighted, target_z=0.09375"
34,1.96875,5.217679075106494e-06,0.002437630252705367,1.2602792210811551e-21,3.634908046050479e-18,False,3.72,0.09375,0.09375,0.032992775141809566,0.005228399497117055,0.007044002628973733,0.0019373242808842016,2.7611004325485534e-19,2.1023285024078316e-06,1.7133137658305798e-06,4.742874840267547e-16,3.7238012298709097e-16,0.0,PASS,"central profile operator audit; initial_profile=cosine, normalization_model=gkw_unweighted, target_z=0.09375"
35,2.15625,7.0968075946942305e-06,0.0021440946006160964,1.0913723720167184e-21,9.215718466126788e-19,False,3.72,0.09375,0.09375,0.032992775141809566,0.005228399497117055,0.007044002628973733,0.0019373242808842016,2.7611004325485534e-19,2.1023285024078316e-06,1.7133137658305798e-06,4.742874840267547e-16,3.7238012298709097e-16,0.0,PASS,"central profile operator audit; initial_profile=cosine, normalization_model=gkw_unweighted, target_z=0.09375"
36,2.34375,1.45134992964745e-05,0.0022309032243447635,3.458136365396206e-21,3.705370968959021e-18,False,3.72,0.09375,0.09375,0.032992775141809566,0.005228399497117055,0.007044002628973733,0.0019373242808842016,2.7611004325485534e-19,2.1023285024078316e-06,1.7133137658305798e-06,4.742874840267547e-16,3.7238012298709097e-16,0.0,PASS,"central profile operator audit; initial_profile=cosine, normalization_model=gkw_unweighted, target_z=0.09375"
37,2.53125,6.639930814853114e-06,0.002421464822450258,6.150194697590613e-23,3.1572443831564575e-18,False,3.72,0.09375,0.09375,0.032992775141809566,0.005228399497117055,0.007044002628973733,0.0019373242808842016,2.7611004325485534e-19,2.1023285024078316e-06,1.7133137658305798e-06,4.742874840267547e-16,3.7238012298709097e-16,0.0,PASS,"central profile operator audit; initial_profile=cosine, normalization_model=gkw_unweighted, target_z=0.09375"
38,2.71875,1.5831565550473748e-07,0.0019234809245600901,4.562298115777143e-24,4.0254656000365407e-19,False,3.72,0.09375,0.09375,0.032992775141809566,0.005228399497117055,0.007044002628973733,0.0019373242808842016,2.7611004325485534e-19,2.1023285024078316e-06,1.7133137658305798e-06,4.742874840267547e-16,3.7238012298709097e-16,0.0,PASS,"central profile operator audit; initial_profile=cosine, normalization_model=gkw_unweighted, target_z=0.09375"
39,2.90625,1.4819915436511065e-06,0.0022102955395704167,7.773703190571007e-22,1.8526854844795106e-18,False,3.72,0.09375,0.09375,0.032992775141809566,0.005228399497117055,0.007044002628973733,0.0019373242808842016,2.7611004325485534e-19,2.1023285024078316e-06,1.7133137658305798e-06,4.742874840267547e-16,3.7238012298709097e-16,0.0,PASS,"central profile operator audit; initial_profile=cosine, normalization_model=gkw_unweighted, target_z=0.09375"
40,3.09375,4.104109594337856e-06,0.002185998666882277,3.516333120895497e-23,3.576224061345498e-18,False,3.72,0.09375,0.09375,0.032992775141809566,0.005228399497117055,0.007044002628973733,0.0019373242808842016,2.7611004325485534e-19,2.1023285024078316e-06,1.7133137658305798e-06,4.742874840267547e-16,3.7238012298709097e-16,0.0,PASS,"central profile operator audit; initial_profile=cosine, normalization_model=gkw_unweighted, target_z=0.09375"
41,3.28125,3.06005339372369e-06,0.0018859661225887712,5.503469037317304e-23,1.788112030672749e-18,False,3.72,0.09375,0.09375,0.032992775141809566,0.005228399497117055,0.007044002628973733,0.0019373242808842016,2.7611004325485534e-19,2.1023285024078316e-06,1.7133137658305798e-06,4.742874840267547e-16,3.7238012298709097e-16,0.0,PASS,"central profile operator audit; initial_profile=cosine, normalization_model=gkw_unweighted, target_z=0.09375"
42,3.46875,7.729823514293265e-06,0.002369103599754022,1.8029856139228372e-22,3.576224061345498e-18,False,3.72,0.09375,0.09375,0.032992775141809566,0.005228399497117055,0.007044002628973733,0.0019373242808842016,2.7611004325485534e-19,2.1023285024078316e-06,1.7133137658305798e-06,4.742874840267547e-16,3.7238012298709097e-16,0.0,PASS,"central profile operator audit; initial_profile=cosine, normalization_model=gkw_unweighted, target_z=0.09375"
43,3.65625,3.2386875635343163e-06,0.0021575070144627564,7.670659046339278e-22,5.6545067284747504e-18,False,3.72,0.09375,0.09375,0.032992775141809566,0.005228399497117055,0.007044002628973733,0.0019373242808842016,2.7611004325485534e-19,2.1023285024078316e-06,1.7133137658305798e-06,4.742874840267547e-16,3.7238012298709097e-16,0.0,PASS,"central profile operator audit; initial_profile=cosine, normalization_model=gkw_unweighted, target_z=0.09375"
44,3.84375,2.3821611064372975e-05,0.002103126290892675,8.927692591836534e-23,9.889445383256551e-18,False,3.72,0.09375,0.09375,0.032992775141809566,0.005228399497117055,0.007044002628973733,0.0019373242808842016,2.7611004325485534e-19,2.1023285024078316e-06,1.7133137658305798e-06,4.742874840267547e-16,3.7238012298709097e-16,0.0,PASS,"central profile operator audit; initial_profile=cosine, normalization_model=gkw_unweighted, target_z=0.09375"
45,4.03125,1.4241964746848326e-05,0.002352350850043076,6.136141980614512e-22,5.485677294651096e-18,False,3.72,0.09375,0.09375,0.032992775141809566,0.005228399497117055,0.007044002628973733,0.0019373242808842016,2.7611004325485534e-19,2.1023285024078316e-06,1.7133137658305798e-06,4.742874840267547e-16,3.7238012298709097e-16,0.0,PASS,"central profile operator audit; initial_profile=cosine, normalization_model=gkw_unweighted, target_z=0.09375"
46,4.21875,7.434020174495113e-08,0.001505891933037016,2.102328502407831e-06,3.428548309156935e-19,False,3.72,0.09375,0.09375,0.032992775141809566,0.005228399497117055,0.007044002628973733,0.0019373242808842016,2.7611004325485534e-19,2.1023285024078316e-06,1.7133137658305798e-06,4.742874840267547e-16,3.7238012298709097e-16,0.0,PASS,"central profile operator audit; initial_profile=cosine, normalization_model=gkw_unweighted, target_z=0.09375"
47,4.40625,8.084162891139518e-07,0.0019373242808842016,1.7133137658305785e-06,2.5380522142986216e-18,False,3.72,0.09375,0.09375,0.032992775141809566,0.005228399497117055,0.007044002628973733,0.0019373242808842016,2.7611004325485534e-19,2.1023285024078316e-06,1.7133137658305798e-06,4.742874840267547e-16,3.7238012298709097e-16,0.0,PASS,"central profile operator audit; initial_profile=cosine, normalization_model=gkw_unweighted, target_z=0.09375"
