time,max_abs_profile_error,reversed_profile_error,best_shift_profile_error,best_global_shift,solver_peak_z,gkw_peak_z,solver_peak_value,gkw_peak_value,solver_total_power,gkw_total_power,total_power_ratio,center_of_power_error,edge_fraction_error,peak_z_error,second_moment_error,global_worst_time,global_worst_z,global_worst_signed_profile_error,global_worst_solver_value,global_worst_gkw_value,normalized_profiles,status,notes
0.06,0.026547377139521766,0.026547377139521766,0.026547377139521766,0,0.09375,-0.09375,0.47618647508889844,0.4496390979493766,1.0,0.99999978216001,1.0000002178400376,-1.933887591731853e-09,-5.8118235835594544e-05,0.1875,0.008032130990702019,3.72,0.09375,0.033880174543964636,0.35697806498567025,0.3230978904417056,True,OPEN,observed=jax_fluxtube_gk; reference=gkw:parallel_phi.dat; parallel |phi|^2 profile alignment/normalization audit
0.12,0.027926876191708916,0.027926876191708916,0.027926876191708916,0,0.09375,-0.09375,0.47710289621687424,0.44917602002516527,0.9999999999999999,0.9999999554180001,1.0000000445820019,-7.874994406575908e-11,2.8907481257276248e-05,0.1875,0.0040989865892559416,3.72,0.09375,0.033880174543964636,0.35697806498567025,0.3230978904417056,True,OPEN,observed=jax_fluxtube_gk; reference=gkw:parallel_phi.dat; parallel |phi|^2 profile alignment/normalization audit
0.18,0.028951185058541662,0.028951185058541662,0.028951185058541662,0,0.09375,-0.09375,0.47808730851977416,0.4491361234612324,1.0,0.999999725114,1.0000002748860757,2.8125007718593498e-08,9.975071802857725e-05,0.1875,0.00014402970174660218,3.72,0.09375,0.033880174543964636,0.35697806498567025,0.3230978904417056,True,OPEN,observed=jax_fluxtube_gk; reference=gkw:parallel_phi.dat; parallel |phi|^2 profile alignment/normalization audit
0.24,0.028435755920947547,0.028435755920947547,0.028435755920947547,0,-0.09375,-0.09375,0.477994718582828,0.4495599626617973,1.0,1.000000083055,0.9999999169450071,9.526302331697156e-08,0.00027063650424475596,0.0,0.00033344915628970295,3.72,0.09375,0.033880174543964636,0.35697806498567025,0.3230978904417056,True,OPEN,observed=jax_fluxtube_gk; reference=gkw:parallel_phi.dat; parallel |phi|^2 profile alignment/normalization audit
0.3,0.025980767906532698,0.025980767906532698,0.025980767906532698,0,-0.09375,-0.09375,0.4752589933368243,0.4492782254302916,1.0000000000000004,0.9999994982390001,1.000000501761252,1.3781288610292819e-11,0.00024689240569414914,0.0,-0.0005277694542963826,3.72,0.09375,0.033880174543964636,0.35697806498567025,0.3230978904417056,True,OPEN,observed=jax_fluxtube_gk; reference=gkw:parallel_phi.dat; parallel |phi|^2 profile alignment/normalization audit
0.36,0.022053180268501227,0.022053180268501227,0.022053180268501227,0,-0.09375,-0.09375,0.46900163481060997,0.4469484545421088,0.9999999999999999,0.99999898301,1.000001016991034,6.496881921336239e-10,0.0004647188630425386,0.0,0.003917048554861267,3.72,0.09375,0.033880174543964636,0.35697806498567025,0.3230978904417056,True,OPEN,observed=jax_fluxtube_gk; reference=gkw:parallel_phi.dat; parallel |phi|^2 profile alignment/normalization audit
0.42,0.017912513170701194,0.017912513170701194,0.017912513170701194,0,-0.09375,-0.09375,0.459963230947841,0.4420507177771398,1.0,1.00000063844,0.9999993615604076,-4.41505968867828e-08,9.035581650292861e-05,0.0,-0.0016551800253381752,3.72,0.09375,0.033880174543964636,0.35697806498567025,0.3230978904417056,True,OPEN,observed=jax_fluxtube_gk; reference=gkw:parallel_phi.dat; parallel |phi|^2 profile alignment/normalization audit
0.48,0.013745791816147546,0.013745791816147546,0.013745791816147546,0,-0.09375,-0.09375,0.44864742016269793,0.4349016283465504,1.0000000000000002,1.000000854569,0.9999991454317305,2.104685037362941e-10,-5.916535202595729e-05,0.0,0.001407547803233683,3.72,0.09375,0.033880174543964636,0.35697806498567025,0.3230978904417056,True,OPEN,observed=jax_fluxtube_gk; reference=gkw:parallel_phi.dat; parallel |phi|^2 profile alignment/normalization audit
0.54,0.009933979538790494,0.009933979538790494,0.009933979538790494,0,0.09375,-0.09375,0.4359916406768122,0.4260576611380216,1.0000000000000004,1.000000795343,0.9999992046576331,-4.851980513198573e-08,-3.611902638726107e-05,0.1875,0.008598809214675963,3.72,0.09375,0.033880174543964636,0.35697806498567025,0.3230978904417056,True,OPEN,observed=jax_fluxtube_gk; reference=gkw:parallel_phi.dat; parallel |phi|^2 profile alignment/normalization audit
0.6,0.00659608546825774,0.00659608546825774,0.00659608546825774,0,0.09375,-0.09375,0.42275583772003394,0.41615975225177626,0.9999999999999998,1.00000059532,0.9999994046803541,-5.681245057731488e-10,0.00022765831199425025,0.1875,0.019238263801168276,3.72,0.09375,0.033880174543964636,0.35697806498567025,0.3230978904417056,True,OPEN,observed=jax_fluxtube_gk; reference=gkw:parallel_phi.dat; parallel |phi|^2 profile alignment/normalization audit
0.66,0.0035851954833028693,0.0035851954833028693,0.0035851954833028693,0,-0.09375,-0.09375,0.40929202927147523,0.4057771612680172,0.9999999999999998,0.99999960257,1.000000397430158,-2.036157061013899e-08,-4.942063404811403e-05,0.0,0.017385611256213837,3.72,0.09375,0.033880174543964636,0.35697806498567025,0.3230978904417056,True,OPEN,observed=jax_fluxtube_gk; reference=gkw:parallel_phi.dat; parallel |phi|^2 profile alignment/normalization audit
0.72,0.005168886433041798,0.005168886433041798,0.005168886433041798,0,-0.09375,-0.09375,0.3965293768938125,0.39595800071351633,1.0,0.9999999981979999,1.000000001802,1.0448737516877138e-07,-0.0004250190730108635,0.0,0.018004309603423446,3.72,0.09375,0.033880174543964636,0.35697806498567025,0.3230978904417056,True,OPEN,observed=jax_fluxtube_gk; reference=gkw:parallel_phi.dat; parallel |phi|^2 profile alignment/normalization audit
0.78,0.007248361257594548,0.007248361257594548,0.007248361257594548,0,-0.09375,-0.09375,0.3863009317451094,0.3858586887933917,1.0,1.0000008065300001,0.9999991934706508,3.7534657132409777e-08,-0.001090409354730881,0.0,0.007177971286318252,3.72,0.09375,0.033880174543964636,0.35697806498567025,0.3230978904417056,True,OPEN,observed=jax_fluxtube_gk; reference=gkw:parallel_phi.dat; parallel |phi|^2 profile alignment/normalization audit
0.84,0.00956889370949526,0.00956889370949526,0.00956889370949526,0,0.09375,-0.09375,0.38021711838335104,0.3782626890094389,0.9999999999999998,1.000000822155,0.9999991778456756,-3.6946844195195894e-10,-0.0005899048120412667,0.1875,0.024935081306419346,3.72,0.09375,0.033880174543964636,0.35697806498567025,0.3230978904417056,True,OPEN,observed=jax_fluxtube_gk; reference=gkw:parallel_phi.dat; parallel |phi|^2 profile alignment/normalization audit
0.9,0.011599088871816158,0.011599088871816158,0.011599088871816158,0,-0.09375,-0.09375,0.37822040446384053,0.3736970789435079,0.9999999999999999,0.9999997887500001,1.0000002112500446,-4.9720322983781706e-08,-0.0005087622204317252,0.0,0.015236031194538702,3.72,0.09375,0.033880174543964636,0.35697806498567025,0.3230978904417056,True,OPEN,observed=jax_fluxtube_gk; reference=gkw:parallel_phi.dat; parallel |phi|^2 profile alignment/normalization audit
0.96,0.01285765130799026,0.012857651307990266,0.01285765130799026,0,-0.09375,-0.09375,0.37884231656339706,0.3727258363435398,0.9999999999999998,1.00000043908,0.9999995609201929,-2.5748988705109888e-08,-0.0003784652625199394,0.0,0.0076529049370883395,3.72,0.09375,0.033880174543964636,0.35697806498567025,0.3230978904417056,True,OPEN,observed=jax_fluxtube_gk; reference=gkw:parallel_phi.dat; parallel |phi|^2 profile alignment/normalization audit
1.02,0.012918982321540061,0.012918982321540061,0.012918982321540061,0,-0.09375,-0.09375,0.38193952805707115,0.37526016503229065,0.9999999999999999,0.9999995602189999,1.0000004397811935,6.094690863100993e-10,-1.1973589326138916e-05,0.0,0.0025538657565361,3.72,0.09375,0.033880174543964636,0.35697806498567025,0.3230978904417056,True,OPEN,observed=jax_fluxtube_gk; reference=gkw:parallel_phi.dat; parallel |phi|^2 profile alignment/normalization audit
1.08,0.011588989793462342,0.011588989793462342,0.011588989793462342,0,-0.09375,-0.09375,0.3846869387909962,0.3788932689043419,1.0,0.9999992902899999,1.000000709710504,5.1473473983154605e-08,-0.0014248451957858494,0.0,-0.011107717418479518,3.72,0.09375,0.033880174543964636,0.35697806498567025,0.3230978904417056,True,OPEN,observed=jax_fluxtube_gk; reference=gkw:parallel_phi.dat; parallel |phi|^2 profile alignment/normalization audit
1.1400000000000001,0.009001264459890797,0.009001264459890797,0.009001264459890797,0,0.09375,-0.09375,0.38809570224195794,0.384221231028384,1.0000000000000002,0.9999993987099999,1.0000006012903617,3.098870623996497e-08,-4.7451712121814435e-05,0.1875,0.005593175275232884,3.72,0.09375,0.033880174543964636,0.35697806498567025,0.3230978904417056,True,OPEN,observed=jax_fluxtube_gk; reference=gkw:parallel_phi.dat; parallel |phi|^2 profile alignment/normalization audit
1.2,0.00655432208542743,0.006554322085427278,0.00655432208542743,0,-0.09375,-0.09375,0.3896390197180236,0.38879210717443224,1.0000000000000004,0.9999997243400001,1.000000275660076,-4.149394904062742e-08,-0.00010331997270323783,0.0,0.012628806568301565,3.72,0.09375,0.033880174543964636,0.35697806498567025,0.3230978904417056,True,OPEN,observed=jax_fluxtube_gk; reference=gkw:parallel_phi.dat; parallel |phi|^2 profile alignment/normalization audit
1.26,0.005201264991621227,0.005201264991621227,0.005201264991621227,0,0.09375,-0.09375,0.38903124605043476,0.39159697835251905,1.0,1.00000005528,0.9999999447200032,-1.2562498541424105e-09,0.0003290531989103403,0.1875,0.014804937197141141,3.72,0.09375,0.033880174543964636,0.35697806498567025,0.3230978904417056,True,OPEN,observed=jax_fluxtube_gk; reference=gkw:parallel_phi.dat; parallel |phi|^2 profile alignment/normalization audit
1.32,0.005433120281984449,0.005433120281984449,0.005433120281984449,0,0.09375,-0.09375,0.38751988777984014,0.3929530080618239,1.0,0.999999979484,1.0000000205160005,4.8045938491614315e-08,6.613246087249483e-05,0.1875,0.001977906488610792,3.72,0.09375,0.033880174543964636,0.35697806498567025,0.3230978904417056,True,OPEN,observed=jax_fluxtube_gk; reference=gkw:parallel_phi.dat; parallel |phi|^2 profile alignment/normalization audit
1.3800000000000001,0.0082469571604189,0.0082469571604189,0.0082469571604189,0,-0.09375,-0.09375,0.3834840829348203,0.3917310400952389,1.0,0.999999897646,1.0000001023540106,1.6799998892036427e-10,-0.00023314953896271353,0.0,-0.003808479699856801,3.72,0.09375,0.033880174543964636,0.35697806498567025,0.3230978904417056,True,OPEN,observed=jax_fluxtube_gk; reference=gkw:parallel_phi.dat; parallel |phi|^2 profile alignment/normalization audit
1.44,0.010408404127078552,0.010408404127078552,0.010408404127078552,0,-0.09375,-0.09375,0.3777284790437204,0.38813688317079814,1.0,1.000000301,0.9999996990000904,1.7268743379705853e-09,-0.00042704196670617016,0.0,0.0011770152803116524,3.72,0.09375,0.033880174543964636,0.35697806498567025,0.3230978904417056,True,OPEN,observed=jax_fluxtube_gk; reference=gkw:parallel_phi.dat; parallel |phi|^2 profile alignment/normalization audit
1.5,0.010176693351228894,0.010176693351228894,0.010176693351228894,0,0.09375,-0.09375,0.37308547276774034,0.3832621661189687,1.0,0.9999995665657,1.000000433434488,3.7868454205725044e-10,-4.680820112798261e-05,0.1875,0.008102301704633427,3.72,0.09375,0.033880174543964636,0.35697806498567025,0.3230978904417056,True,OPEN,observed=jax_fluxtube_gk; reference=gkw:parallel_phi.dat; parallel |phi|^2 profile alignment/normalization audit
1.56,0.007869493797053373,0.007869493797053373,0.007869493797053373,0,0.09375,-0.09375,0.37002956822752014,0.3778990620245731,0.9999999999999999,0.99999983587,1.000000164130027,-5.034375277768177e-10,9.075527285779882e-06,0.1875,0.01633035753923394,3.72,0.09375,0.033880174543964636,0.35697806498567025,0.3230978904417056,True,OPEN,observed=jax_fluxtube_gk; reference=gkw:parallel_phi.dat; parallel |phi|^2 profile alignment/normalization audit
1.62,0.003825558215109437,0.003825558215109437,0.003825558215109437,0,-0.09375,-0.09375,0.36818850040314605,0.3720140586182552,1.0000000000000002,0.9999998424300001,1.000000157570025,2.4271878951154235e-09,2.062132643093561e-06,0.0,0.012853217039651255,3.72,0.09375,0.033880174543964636,0.35697806498567025,0.3230978904417056,True,OPEN,observed=jax_fluxtube_gk; reference=gkw:parallel_phi.dat; parallel |phi|^2 profile alignment/normalization audit
1.68,0.001500336279033565,0.001500336279032899,0.001500336279033565,0,-0.09375,0.09375,0.36795339189817894,0.36645405561929717,1.0000000000000002,0.999999848223,1.0000001517770232,-8.168054364821042e-08,-1.1844181327220302e-05,-0.1875,0.0032976818442430056,3.72,0.09375,0.033880174543964636,0.35697806498567025,0.3230978904417056,True,OPEN,observed=jax_fluxtube_gk; reference=gkw:parallel_phi.dat; parallel |phi|^2 profile alignment/normalization audit
1.74,0.006356594041161845,0.006356594041161179,0.006356594041161845,0,-0.09375,0.09375,0.36861362799768715,0.3622580339566191,0.9999999999999996,0.999999906264,1.0000000937360083,-1.207320113605359e-07,-0.00023990592477590738,-0.1875,-0.005070429580159269,3.72,0.09375,0.033880174543964636,0.35697806498567025,0.3230978904417056,True,OPEN,observed=jax_fluxtube_gk; reference=gkw:parallel_phi.dat; parallel |phi|^2 profile alignment/normalization audit
1.8,0.009810600407793232,0.009810600407793232,0.009810600407793232,0,-0.09375,-0.09375,0.3695092624373733,0.3601812131694331,1.0,0.9999994081606,1.00000059183975,-5.585253343154406e-09,-0.0004231308141067094,0.0,0.0051948113985236105,3.72,0.09375,0.033880174543964636,0.35697806498567025,0.3230978904417056,True,OPEN,observed=jax_fluxtube_gk; reference=gkw:parallel_phi.dat; parallel |phi|^2 profile alignment/normalization audit
1.86,0.012807440107083498,0.012807440107083498,0.012807440107083498,0,-0.09375,-0.09375,0.3707179651538065,0.3591128239873133,1.0000000000000002,1.000000490132,0.9999995098682406,4.595697743192684e-08,-0.0007839133740816432,0.0,-0.003051229919555823,3.72,0.09375,0.033880174543964636,0.35697806498567025,0.3230978904417056,True,OPEN,observed=jax_fluxtube_gk; reference=gkw:parallel_phi.dat; parallel |phi|^2 profile alignment/normalization audit
1.92,0.01452867674112722,0.01452867674112722,0.01452867674112722,0,0.09375,0.09375,0.3712575664506127,0.35900966629692505,1.0000000000000004,1.00000092951,0.9999990704908643,-9.221335169062872e-08,-0.00035671124375034815,0.0,-0.0008148613061999405,3.72,0.09375,0.033880174543964636,0.35697806498567025,0.3230978904417056,True,OPEN,observed=jax_fluxtube_gk; reference=gkw:parallel_phi.dat; parallel |phi|^2 profile alignment/normalization audit
1.98,0.015087300781945437,0.015087300781945437,0.015087300781945437,0,-0.09375,-0.09375,0.3707806954103959,0.3597461721540125,0.9999999999999994,0.999999521457,1.0000004785432286,-6.734066360092328e-10,6.133849668729827e-05,0.0,0.016478018267030214,3.72,0.09375,0.033880174543964636,0.35697806498567025,0.3230978904417056,True,OPEN,observed=jax_fluxtube_gk; reference=gkw:parallel_phi.dat; parallel |phi|^2 profile alignment/normalization audit
2.04,0.014281270178583702,0.014281270178583702,0.014281270178583702,0,-0.09375,-0.09375,0.37035631327746626,0.3605952101548885,1.0,0.9999994172,1.0000005828003398,-2.662501580319443e-09,-1.9484033764658595e-05,0.0,0.004626913103710807,3.72,0.09375,0.033880174543964636,0.35697806498567025,0.3230978904417056,True,OPEN,observed=jax_fluxtube_gk; reference=gkw:parallel_phi.dat; parallel |phi|^2 profile alignment/normalization audit
2.1,0.012780746399713008,0.012780746399713008,0.012780746399713008,0,-0.09375,-0.09375,0.36860342329189894,0.36099705931542686,0.9999999999999998,0.99999983569,1.0000001643100267,-2.24718792185552e-09,-0.00024068478130507257,0.0,-0.003425673411232316,3.72,0.09375,0.033880174543964636,0.35697806498567025,0.3230978904417056,True,OPEN,observed=jax_fluxtube_gk; reference=gkw:parallel_phi.dat; parallel |phi|^2 profile alignment/normalization audit
2.16,0.011153473864516955,0.011153473864516955,0.011153473864516955,0,-0.09375,-0.09375,0.36560930457359336,0.36094273894166706,0.9999999999999998,1.0000007232680002,0.9999992767325228,-5.920870724263061e-09,-0.0004563341517723768,0.0,0.0006336134731674478,3.72,0.09375,0.033880174543964636,0.35697806498567025,0.3230978904417056,True,OPEN,observed=jax_fluxtube_gk; reference=gkw:parallel_phi.dat; parallel |phi|^2 profile alignment/normalization audit
2.22,0.00956433527555757,0.00956433527555757,0.00956433527555757,0,0.09375,-0.09375,0.36257834450212445,0.360291923758626,0.9999999999999996,1.00000021161,0.9999997883900441,-3.056249142652234e-10,-0.0001888457813937704,0.1875,0.004773108040884121,3.72,0.09375,0.033880174543964636,0.35697806498567025,0.3230978904417056,True,OPEN,observed=jax_fluxtube_gk; reference=gkw:parallel_phi.dat; parallel |phi|^2 profile alignment/normalization audit
2.2800000000000002,0.008115559709273275,0.008115559709273275,0.008115559709273275,0,-0.09375,-0.09375,0.35963489650270347,0.3579411648927564,1.0000000000000002,0.9999995393300001,1.0000004606702124,-6.281254683049298e-11,-0.002319162432874139,0.0,-0.0442789547085686,3.72,0.09375,0.033880174543964636,0.35697806498567025,0.3230978904417056,True,OPEN,observed=jax_fluxtube_gk; reference=gkw:parallel_phi.dat; parallel |phi|^2 profile alignment/normalization audit
2.34,0.008509344391798276,0.008509344391798276,0.008509344391798276,0,0.09375,-0.09375,0.35615108819095925,0.3563827732514605,1.0,1.00000063625,0.9999993637504048,5.915808690137858e-09,-0.0009860549921876973,0.1875,-0.008537533773804201,3.72,0.09375,0.033880174543964636,0.35697806498567025,0.3230978904417056,True,OPEN,observed=jax_fluxtube_gk; reference=gkw:parallel_phi.dat; parallel |phi|^2 profile alignment/normalization audit
2.4,0.008333074138215015,0.008333074138214984,0.008333074138215015,0,-0.09375,-0.09375,0.35350857283648096,0.35415927272318126,1.0,0.999999229942,1.0000007700585931,4.648428574005603e-08,-4.015226099811834e-05,0.0,0.012618582348625104,3.72,0.09375,0.033880174543964636,0.35697806498567025,0.3230978904417056,True,OPEN,observed=jax_fluxtube_gk; reference=gkw:parallel_phi.dat; parallel |phi|^2 profile alignment/normalization audit
2.46,0.008725918937063398,0.008725918937063398,0.008725918937063398,0,0.09375,-0.09375,0.35162471222607644,0.3510339695857148,0.9999999999999998,1.000000086642,0.9999999133580075,1.76062511791919e-10,-0.0002843616822698416,0.1875,0.0059357481921094996,3.72,0.09375,0.033880174543964636,0.35697806498567025,0.3230978904417056,True,OPEN,observed=jax_fluxtube_gk; reference=gkw:parallel_phi.dat; parallel |phi|^2 profile alignment/normalization audit
2.52,0.009937817413722877,0.009937817413723099,0.009937817413722877,0,0.09375,-0.09375,0.3501053927264931,0.3476830819906244,1.0,0.99999976418,1.0000002358200555,2.823435665821883e-07,-0.00024085363963113432,0.1875,0.0020521959576333404,3.72,0.09375,0.033880174543964636,0.35697806498567025,0.3230978904417056,True,OPEN,observed=jax_fluxtube_gk; reference=gkw:parallel_phi.dat; parallel |phi|^2 profile alignment/normalization audit
2.58,0.01139271797379332,0.01139271797379332,0.01139271797379332,0,-0.09375,-0.09375,0.349076456184116,0.344354541574573,1.0000000000000002,1.00000133126,0.9999986687417727,-2.3718718100695924e-09,-0.00015026383734472829,0.0,-0.0012626076325684549,3.72,0.09375,0.033880174543964636,0.35697806498567025,0.3230978904417056,True,OPEN,observed=jax_fluxtube_gk; reference=gkw:parallel_phi.dat; parallel |phi|^2 profile alignment/normalization audit
2.64,0.012843840964647607,0.012843840964647607,0.012843840964647607,0,-0.09375,-0.09375,0.3484859189317206,0.34122089055988253,1.0000000000000002,1.000000320731,0.9999996792691029,4.4391079451200355e-08,-3.4298283735792785e-05,0.0,0.0010740104131068268,3.72,0.09375,0.033880174543964636,0.35697806498567025,0.3230978904417056,True,OPEN,observed=jax_fluxtube_gk; reference=gkw:parallel_phi.dat; parallel |phi|^2 profile alignment/normalization audit
2.7,0.013974893307398484,0.013974893307398484,0.013974893307398484,0,-0.09375,-0.09375,0.34856799124687426,0.33832006485866306,1.0000000000000004,0.9999998082919999,1.000000191708037,-1.6378129269467578e-09,-7.085395230715003e-06,0.0,-0.002387213875016378,3.72,0.09375,0.033880174543964636,0.35697806498567025,0.3230978904417056,True,OPEN,observed=jax_fluxtube_gk; reference=gkw:parallel_phi.dat; parallel |phi|^2 profile alignment/normalization audit
2.7600000000000002,0.014919001654505326,0.014919001654505326,0.014919001654505326,0,-0.09375,-0.09375,0.34909001742663526,0.33609915666724427,0.9999999999999997,0.9999995338659999,1.0000004661342168,-1.978126273893821e-10,1.3117039780920879e-05,0.0,-0.0013988747460240217,3.72,0.09375,0.033880174543964636,0.35697806498567025,0.3230978904417056,True,OPEN,observed=jax_fluxtube_gk; reference=gkw:parallel_phi.dat; parallel |phi|^2 profile alignment/normalization audit
2.82,0.01563414031902169,0.01563414031902169,0.01563414031902169,0,0.09375,-0.09375,0.3496263726408827,0.33425526448990683,1.0,0.9999992087188,1.000000791281826,3.823127925350889e-11,-3.406662940538887e-05,0.1875,-0.002095300064487729,3.72,0.09375,0.033880174543964636,0.35697806498567025,0.3230978904417056,True,OPEN,observed=jax_fluxtube_gk; reference=gkw:parallel_phi.dat; parallel |phi|^2 profile alignment/normalization audit
2.88,0.0175956862603166,0.0175956862603166,0.0175956862603166,0,-0.09375,-0.09375,0.34996705560899793,0.33237136934868133,0.9999999999999999,0.9999988887469999,1.0000011112542349,-3.3909418328814667e-10,-0.0005706535514139325,0.0,-0.012080713284568702,3.72,0.09375,0.033880174543964636,0.35697806498567025,0.3230978904417056,True,OPEN,observed=jax_fluxtube_gk; reference=gkw:parallel_phi.dat; parallel |phi|^2 profile alignment/normalization audit
2.94,0.019638561028573476,0.019638561028573476,0.019638561028573476,0,0.09375,-0.09375,0.3502878020642322,0.33064924103565874,1.0000000000000004,0.9999992710231,1.0000007289774318,-2.706658647211313e-10,-0.001058512675958496,0.1875,-0.025375244901304397,3.72,0.09375,0.033880174543964636,0.35697806498567025,0.3230978904417056,True,OPEN,observed=jax_fluxtube_gk; reference=gkw:parallel_phi.dat; parallel |phi|^2 profile alignment/normalization audit
3.0,0.020876232013365748,0.020876232013365748,0.020876232013365748,0,0.09375,-0.09375,0.3506758911815781,0.32979965916821247,1.0000000000000004,1.0000010334509999,0.9999989665500684,-3.297183220896116e-10,-3.630165750299666e-06,0.1875,-0.004913537577215708,3.72,0.09375,0.033880174543964636,0.35697806498567025,0.3230978904417056,True,OPEN,observed=jax_fluxtube_gk; reference=gkw:parallel_phi.dat; parallel |phi|^2 profile alignment/normalization audit
3.06,0.02251080814306644,0.02251080814306644,0.02251080814306644,0,-0.09375,-0.09375,0.3513327405842986,0.3288219324412322,1.0000000000000002,1.000000205457,0.9999997945430421,3.375092996749096e-09,-0.00031527980609732703,0.0,-0.01184957976746552,3.72,0.09375,0.033880174543964636,0.35697806498567025,0.3230978904417056,True,OPEN,observed=jax_fluxtube_gk; reference=gkw:parallel_phi.dat; parallel |phi|^2 profile alignment/normalization audit
3.12,0.024069424363218628,0.024069424363218628,0.024069424363218628,0,-0.09375,-0.09375,0.3522178503963514,0.32814842603313266,1.0000000000000002,0.9999987017059999,1.000001298295686,1.4636269418666359e-09,-0.00018283750658756035,0.0,-0.010824824318334189,3.72,0.09375,0.033880174543964636,0.35697806498567025,0.3230978904417056,True,OPEN,observed=jax_fluxtube_gk; reference=gkw:parallel_phi.dat; parallel |phi|^2 profile alignment/normalization audit
3.18,0.025843931803587794,0.025843931803587794,0.025843931803587794,0,0.09375,-0.09375,0.3531590383983482,0.3273151065947603,1.0,0.999999674335959,1.0000003256641474,3.745325299897573e-09,-0.0007325199431525761,0.1875,-0.022572725221458846,3.72,0.09375,0.033880174543964636,0.35697806498567025,0.3230978904417056,True,OPEN,observed=jax_fluxtube_gk; reference=gkw:parallel_phi.dat; parallel |phi|^2 profile alignment/normalization audit
3.24,0.02726907593232636,0.02726907593232636,0.02726907593232636,0,-0.09375,-0.09375,0.3539803403404062,0.3267112644080797,1.0000000000000002,0.999999190698,1.0000008093026556,-1.1505947306034159e-09,-0.0007070767270310702,0.0,-0.02143756821442422,3.72,0.09375,0.033880174543964636,0.35697806498567025,0.3230978904417056,True,OPEN,observed=jax_fluxtube_gk; reference=gkw:parallel_phi.dat; parallel |phi|^2 profile alignment/normalization audit
3.3000000000000003,0.028277729381458838,0.028277729381458838,0.028277729381458838,0,-0.09375,-0.09375,0.3546540977334183,0.32637736835308806,1.0,0.999998871389,1.0000011286122739,9.251457316894474e-08,-2.0505212784231903e-05,0.0,-0.006212629514201304,3.72,0.09375,0.033880174543964636,0.35697806498567025,0.3230978904417056,True,OPEN,observed=jax_fluxtube_gk; reference=gkw:parallel_phi.dat; parallel |phi|^2 profile alignment/normalization audit
3.36,0.029517514479223683,0.029517514479223683,0.029517514479223683,0,-0.09375,-0.09375,0.35537324254688346,0.3258557280676599,0.9999999999999997,1.0000008345176,0.999999165483096,3.382495672443753e-11,-4.310555764772298e-05,0.0,-0.006253066232795375,3.72,0.09375,0.033880174543964636,0.35697806498567025,0.3230978904417056,True,OPEN,observed=jax_fluxtube_gk; reference=gkw:parallel_phi.dat; parallel |phi|^2 profile alignment/normalization audit
3.42,0.030806361657810866,0.030806361657810755,0.030806361657810866,0,0.09375,-0.09375,0.35613825437295005,0.3253328927148093,1.0000000000000004,1.0000003297705,0.9999996702296094,8.436545660683858e-08,-8.190296196359904e-05,0.1875,-0.007201322003811225,3.72,0.09375,0.033880174543964636,0.35697806498567025,0.3230978904417056,True,OPEN,observed=jax_fluxtube_gk; reference=gkw:parallel_phi.dat; parallel |phi|^2 profile alignment/normalization audit
3.48,0.03201862187950655,0.03201862187950655,0.03201862187950655,0,-0.09375,-0.09375,0.3567476935215591,0.32472907164205256,1.0000000000000002,0.9999997793789999,1.000000220621049,-2.719688085850436e-10,-0.0001564103725121856,0.0,-0.008392334692831564,3.72,0.09375,0.033880174543964636,0.35697806498567025,0.3230978904417056,True,OPEN,observed=jax_fluxtube_gk; reference=gkw:parallel_phi.dat; parallel |phi|^2 profile alignment/normalization audit
3.54,0.03316128293657222,0.03316128293657222,0.03316128293657222,0,0.09375,-0.09375,0.3572256795965788,0.3240643966600065,0.9999999999999998,0.9999987759840001,1.000001224017498,-4.5168802031980704e-10,-0.0004835306449080882,0.1875,-0.015139174722299052,3.72,0.09375,0.033880174543964636,0.35697806498567025,0.3230978904417056,True,OPEN,observed=jax_fluxtube_gk; reference=gkw:parallel_phi.dat; parallel |phi|^2 profile alignment/normalization audit
3.6,0.0336779173122157,0.0336779173122157,0.0336779173122157,0,-0.09375,-0.09375,0.35738303535063964,0.32370511803842383,1.0,0.9999996353520002,1.000000364648133,-2.816462901650274e-07,-0.0002532003205256994,0.0,-0.010369612688446536,3.72,0.09375,0.033880174543964636,0.35697806498567025,0.3230978904417056,True,OPEN,observed=jax_fluxtube_gk; reference=gkw:parallel_phi.dat; parallel |phi|^2 profile alignment/normalization audit
3.66,0.033859338489820257,0.033859338489820257,0.033859338489820257,0,0.09375,-0.09375,0.3572654569538048,0.3234061184639846,1.0000000000000002,0.999999633699,1.000000366301134,-1.3096877748974833e-10,-0.00034392207352774973,0.1875,-0.011792103739920234,3.72,0.09375,0.033880174543964636,0.35697806498567025,0.3230978904417056,True,OPEN,observed=jax_fluxtube_gk; reference=gkw:parallel_phi.dat; parallel |phi|^2 profile alignment/normalization audit
3.72,0.033880174543964636,0.033880174543964636,0.033880174543964636,0,0.09375,-0.09375,0.35697806498567025,0.3230978904417056,0.9999999999999999,1.000000339087,0.9999996609131149,-3.725529995612931e-09,-0.000821448888330886,0.1875,-0.020768273362321468,3.72,0.09375,0.033880174543964636,0.35697806498567025,0.3230978904417056,True,OPEN,observed=jax_fluxtube_gk; reference=gkw:parallel_phi.dat; parallel |phi|^2 profile alignment/normalization audit
3.7800000000000002,0.033803272311051624,0.033803272311051624,0.033803272311051624,0,-0.09375,-0.09375,0.35660131274496015,0.3227980404339085,1.0000000000000004,0.9999998747393,1.0000001252607162,-4.520053650813871e-09,-0.0014530533065851888,0.0,-0.03403558003745235,3.72,0.09375,0.033880174543964636,0.35697806498567025,0.3230978904417056,True,OPEN,observed=jax_fluxtube_gk; reference=gkw:parallel_phi.dat; parallel |phi|^2 profile alignment/normalization audit
3.84,0.03302967300885856,0.033029673008859506,0.03302967300885856,0,0.09375,0.09375,0.3560593461738644,0.32303067316399314,0.9999999999999998,1.0000010117801001,0.9999989882209234,-9.392578925737638e-08,-0.0005082506298264191,0.0,-0.015314163402965958,3.72,0.09375,0.033880174543964636,0.35697806498567025,0.3230978904417056,True,OPEN,observed=jax_fluxtube_gk; reference=gkw:parallel_phi.dat; parallel |phi|^2 profile alignment/normalization audit
3.9,0.032256180978521454,0.032256180978521454,0.032256180978521454,0,-0.09375,-0.09375,0.35538588628319623,0.3231297053046748,1.0,1.0000009120031998,0.9999990879976319,-2.858379768017061e-07,-3.4436170217617406e-05,0.0,-0.005576795931225134,3.72,0.09375,0.033880174543964636,0.35697806498567025,0.3230978904417056,True,OPEN,observed=jax_fluxtube_gk; reference=gkw:parallel_phi.dat; parallel |phi|^2 profile alignment/normalization audit
3.96,0.031436984540868906,0.031436984540868906,0.031436984540868906,0,-0.09375,-0.09375,0.35460797245272285,0.32317098791185384,0.9999999999999999,1.0000000374048,0.9999999625952016,7.719373612546931e-10,-2.415467917758711e-06,0.0,-0.0049418973943434474,3.72,0.09375,0.033880174543964636,0.35697806498567025,0.3230978904417056,True,OPEN,observed=jax_fluxtube_gk; reference=gkw:parallel_phi.dat; parallel |phi|^2 profile alignment/normalization audit
4.0200000000000005,0.03037665053027877,0.03037665053027877,0.03037665053027877,0,-0.09375,-0.09375,0.3537143992227714,0.3233377486924926,1.0000000000000002,1.0000007772291,0.9999992227715045,2.8178402666778624e-10,1.795943960675077e-06,0.0,-0.005114693253132269,3.72,0.09375,0.033880174543964636,0.35697806498567025,0.3230978904417056,True,OPEN,observed=jax_fluxtube_gk; reference=gkw:parallel_phi.dat; parallel |phi|^2 profile alignment/normalization audit
4.08,0.029177058604083872,0.029177058604083872,0.029177058604083872,0,-0.09375,-0.09375,0.3527508039129762,0.32357374530889244,1.0000000000000002,1.0000007871192,0.9999992128814195,-6.506244848436538e-10,-7.178606908198401e-06,0.0,-0.005155294963239437,3.72,0.09375,0.033880174543964636,0.35697806498567025,0.3230978904417056,True,OPEN,observed=jax_fluxtube_gk; reference=gkw:parallel_phi.dat; parallel |phi|^2 profile alignment/normalization audit
4.14,0.028083584966161257,0.028083584966161257,0.028083584966161257,0,0.09375,-0.09375,0.35187235969594943,0.3237887747297882,1.0000000000000004,1.000000695732,0.9999993042684845,2.0803130051927354e-10,-0.00010762887632922917,0.1875,-0.007030489328674484,3.72,0.09375,0.033880174543964636,0.35697806498567025,0.3230978904417056,True,OPEN,observed=jax_fluxtube_gk; reference=gkw:parallel_phi.dat; parallel |phi|^2 profile alignment/normalization audit
4.2,0.027185104787647796,0.027185104787647796,0.027185104787647796,0,-0.09375,-0.09375,0.3511261383876866,0.3239420336001424,1.0000000000000002,0.9999998962773,1.0000001037227113,9.403006910602141e-08,-0.00017214410661230974,0.0,-0.007103689664557877,3.72,0.09375,0.033880174543964636,0.35697806498567025,0.3230978904417056,True,OPEN,observed=jax_fluxtube_gk; reference=gkw:parallel_phi.dat; parallel |phi|^2 profile alignment/normalization audit
4.26,0.02649913848100588,0.02649913848100588,0.02649913848100588,0,-0.09375,-0.09375,0.3505456696396091,0.3240465311586032,0.9999999999999998,0.999998360857,1.0000016391456865,-5.762634952555246e-10,-6.990961696425196e-05,0.0,-0.004619420601282412,3.72,0.09375,0.033880174543964636,0.35697806498567025,0.3230978904417056,True,OPEN,observed=jax_fluxtube_gk; reference=gkw:parallel_phi.dat; parallel |phi|^2 profile alignment/normalization audit
4.32,0.026016666360607732,0.026016666360607732,0.026016666360607732,0,0.09375,-0.09375,0.3501114964410912,0.3240948300804836,1.0000000000000002,1.0000005242895,0.9999994757107746,-2.321715597553009e-10,-8.722452467153336e-05,0.1875,-0.004353338265625423,3.72,0.09375,0.033880174543964636,0.35697806498567025,0.3230978904417056,True,OPEN,observed=jax_fluxtube_gk; reference=gkw:parallel_phi.dat; parallel |phi|^2 profile alignment/normalization audit
4.38,0.025748969235365626,0.025748969235365626,0.025748969235365626,0,-0.09375,-0.09375,0.34984681738320816,0.32409784814784237,1.0,1.0000004685380002,0.9999995314622198,-4.4501228674276305e-09,-0.00040970186400033574,0.0,-0.011321561423128644,3.72,0.09375,0.033880174543964636,0.35697806498567025,0.3230978904417056,True,OPEN,observed=jax_fluxtube_gk; reference=gkw:parallel_phi.dat; parallel |phi|^2 profile alignment/normalization audit
4.44,0.025276543181575906,0.025276543181575906,0.025276543181575906,0,-0.09375,-0.09375,0.3496827769378727,0.3244062337562969,0.9999999999999997,0.9999992794334001,1.0000007205671186,-2.827519100523368e-07,-6.5373240878979e-05,0.0,-0.005169651781512193,3.72,0.09375,0.033880174543964636,0.35697806498567025,0.3230978904417056,True,OPEN,observed=jax_fluxtube_gk; reference=gkw:parallel_phi.dat; parallel |phi|^2 profile alignment/normalization audit
4.5,0.024941027996801646,0.0249410279968022,0.024941027996801646,0,0.09375,0.09375,0.34955711706730197,0.32461708907077413,1.0,0.9999997256128,1.0000002743872753,-9.375152563995126e-08,-0.00022697095427995581,0.0,-0.008213460763813893,3.72,0.09375,0.033880174543964636,0.35697806498567025,0.3230978904417056,True,OPEN,observed=jax_fluxtube_gk; reference=gkw:parallel_phi.dat; parallel |phi|^2 profile alignment/normalization audit
4.5600000000000005,0.024536504370574697,0.024536504370574697,0.024536504370574697,0,0.09375,-0.09375,0.3493919881278514,0.3248554837572767,1.0,0.9999985108539,1.0000014891483175,-5.1511117329927636e-08,-0.00034139667795216,0.1875,-0.010634899266535706,3.72,0.09375,0.033880174543964636,0.35697806498567025,0.3230978904417056,True,OPEN,observed=jax_fluxtube_gk; reference=gkw:parallel_phi.dat; parallel |phi|^2 profile alignment/normalization audit
4.62,0.023911215667878905,0.023911215667878905,0.023911215667878905,0,0.09375,-0.09375,0.3491100996529398,0.32519888398506075,1.0000000000000002,1.00000035675073,0.9999996432493978,-1.0716192100357347e-09,-5.669119085549018e-05,0.1875,-0.0051752297394107374,3.72,0.09375,0.033880174543964636,0.35697806498567025,0.3230978904417056,True,OPEN,observed=jax_fluxtube_gk; reference=gkw:parallel_phi.dat; parallel |phi|^2 profile alignment/normalization audit
4.68,0.023309511563371577,0.023309511563371577,0.023309511563371577,0,-0.09375,-0.09375,0.3487554440549502,0.3254459324915786,1.0,1.0000002074336,0.999999792566443,-2.807415168115668e-07,-4.829235759207797e-05,0.0,-0.004858066809028144,3.72,0.09375,0.033880174543964636,0.35697806498567025,0.3230978904417056,True,OPEN,observed=jax_fluxtube_gk; reference=gkw:parallel_phi.dat; parallel |phi|^2 profile alignment/normalization audit
4.74,0.022708663017275088,0.022708663017275088,0.022708663017275088,0,0.09375,-0.09375,0.34839667566872357,0.3256880126514486,0.9999999999999998,0.9999999611546999,1.0000000388453012,-7.60209256656097e-10,-8.872333482939362e-05,0.1875,-0.005660603251353945,3.72,0.09375,0.033880174543964636,0.35697806498567025,0.3230978904417056,True,OPEN,observed=jax_fluxtube_gk; reference=gkw:parallel_phi.dat; parallel |phi|^2 profile alignment/normalization audit
4.8,0.022087190171089954,0.022087190171089954,0.022087190171089954,0,-0.09375,-0.09375,0.3480374018392134,0.32595021166812344,0.9999999999999996,0.9999993506121001,1.0000006493883211,-4.697366484673893e-08,-0.00011960313475708928,0.0,-0.006198013727478802,3.72,0.09375,0.033880174543964636,0.35697806498567025,0.3230978904417056,True,OPEN,observed=jax_fluxtube_gk; reference=gkw:parallel_phi.dat; parallel |phi|^2 profile alignment/normalization audit
