time,raw_amplitude,physical_amplitude,window_growth,fitted_growth,phi_norm,state_norm,rhs_norm,log_normalization
0.0,0.0075648646694064,0.0075648646694064,0.0,0.0,0.0025216215564688002,0.00012247448713915727,0.0031385632105252127,-0.0
0.06000000000000002,0.9999999999999994,0.007496575171027237,-0.1511364275641025,-0.15113642756410248,0.33333333333333315,0.016213027094575134,0.4088218106478492,-4.893309006596467
0.12000000000000006,0.9999999999999997,0.0073538827567205785,-0.320297207065264,-0.2357168173146831,0.33333333333333326,0.016316920158417982,0.4038106136434784,-4.912526839020384
0.1800000000000001,1.0,0.00714293393132562,-0.48508055435198355,-0.3189839774009312,0.33333333333333337,0.01663710742411449,0.40294836498887265,-4.941631672281503
0.24000000000000016,1.0000000000000004,0.006870903272067771,-0.6471338076478114,-0.4012673754675568,0.3333333333333334,0.017206260984433747,0.4048083293242322,-4.980459700740372
0.3000000000000002,0.9999999999999997,0.006547512228801665,-0.8035068856382388,-0.482239704939547,0.3333333333333332,0.0180313828748314,0.4090907023951755,-5.028670113878666
0.36000000000000026,0.9999999999999997,0.006184425741530234,-0.9508501755524978,-0.5613666587452169,0.33333333333333326,0.019111524599227384,0.41624880067240433,-5.0857211244118155
0.4200000000000003,1.0000000000000002,0.005795991665645259,-1.0811261343720495,-0.637649512466482,0.3333333333333334,0.020442344875464705,0.4267781518326443,-5.150588692474138
0.48000000000000037,1.0,0.00539550454265998,-1.1933411958626592,-0.7102942897628173,0.33333333333333337,0.022026283717103513,0.4406150236601901,-5.222189164225898
0.5400000000000004,1.0,0.004993699241851628,-1.28981914350903,-0.7788875320452905,0.33333333333333337,0.02387426325641567,0.4578499529785499,-5.29957831283644
0.6000000000000004,0.9999999999999997,0.004608533930979174,-1.3377863171063265,-0.8417065180657775,0.33333333333333326,0.025944786217403013,0.47762235974341377,-5.3798454918628185
0.6600000000000005,0.9999999999999999,0.004254297146385929,-1.3330036954370517,-0.896844286053415,0.33333333333333326,0.02817251060950173,0.4985577204318259,-5.4598257135890425
0.7200000000000005,0.9999999999999999,0.003945140044177157,-1.25741854279382,-0.9420563740703523,0.33333333333333326,0.030446210436614454,0.5176389009199277,-5.535270826156672
0.7800000000000006,0.9999999999999999,0.0036987379682103705,-1.0748796838745487,-0.9742703525325469,0.33333333333333326,0.032544781673846335,0.5313773197443393,-5.599763607189145
0.8400000000000006,0.9999999999999993,0.003518700748391385,-0.8316642648307375,-0.9916442863404279,0.3333333333333331,0.03430398138415538,0.5372940082704256,-5.649663463078988
0.9000000000000007,0.9999999999999999,0.003400947216520352,-0.5672971664443546,-0.9939088938171118,0.33333333333333326,0.03560892085817013,0.5349433578517727,-5.68370129306565
0.9600000000000007,0.9999999999999999,0.00334005221926112,-0.30112574234630135,-0.9818790528408984,0.33333333333333326,0.036412267766147026,0.5239204859713786,-5.701768837606428
1.02,1.0,0.0033195742250567593,-0.1024985356049335,-0.9580093308008194,0.33333333333333337,0.036839854198508416,0.5071148800122642,-5.707918749742724
1.0799999999999979,1.0,0.0033331652992148447,0.06809772633896335,-0.9247219446488725,0.33333333333333337,0.03692810181684772,0.48560975785340077,-5.703832886162386
1.1399999999999957,1.0,0.0033579997498084345,0.12371818882452128,-0.8854919899742633,0.33333333333333337,0.03692603635700049,0.4636976707858769,-5.696409794832915
1.1999999999999935,1.0,0.003393632600610397,0.1759237855093095,-0.8426670134556106,0.3333333333333333,0.036842394225188674,0.44146647796964394,-5.6858543677023565
1.2599999999999913,1.0000000000000002,0.0034281383991059517,0.1686076962589637,-0.7985145641762124,0.3333333333333334,0.03679367664968273,0.4207813573771478,-5.675737905926819
1.3199999999999892,0.9999999999999999,0.003456531941293401,0.13747307067704106,-0.7547465306500051,0.33333333333333326,0.03683113304793764,0.4016561210416794,-5.667489521686196
1.379999999999987,1.0,0.003480570805368832,0.11550912618605302,-0.7123425882664648,0.33333333333333337,0.036929797697571695,0.3843765777957004,-5.660558974115033
1.4399999999999848,1.0000000000000002,0.003497641673209685,0.0815438143914271,-0.6720045678633595,0.3333333333333334,0.0371088374954676,0.36850540776619595,-5.655666345251547
1.4999999999999827,0.9999999999999999,0.003508388947045764,0.051133482227250227,-0.6341051154943311,0.33333333333333326,0.037355584367485796,0.35388238076547657,-5.652598336317912
1.5599999999999805,1.0,0.0035139177702489172,0.02624410357892811,-0.5987853182246796,0.3333333333333333,0.037655053618339214,0.3403999743017089,-5.651023690103177
1.6199999999999783,0.9999999999999999,0.0035189107147280602,0.02366494660798561,-0.5659126953007027,0.33333333333333326,0.03796022379553705,0.32721704834566,-5.649603793306698
1.6799999999999762,0.9999999999999996,0.003521018054266922,0.009978034678814751,-0.5354162290104627,0.3333333333333332,0.03829762920345603,0.31467630359614573,-5.649005111225968
1.739999999999974,1.0,0.003522245880381497,0.00581087659739706,-0.5071337654093133,0.3333333333333333,0.038643666197831335,0.3024764610012744,-5.648656458630125
1.7999999999999718,0.9999999999999999,0.003526650816195205,0.020830382288735315,-0.4807898689069731,0.33333333333333326,0.03895619156603073,0.29047946907822314,-5.647406635692801
1.8599999999999697,0.9999999999999999,0.003532706201602639,0.028592721581347885,-0.45619187127442995,0.33333333333333326,0.03925406940417977,0.27912996845642574,-5.64569107239792
1.9199999999999675,0.9999999999999999,0.0035402289472479444,0.035453213899927505,-0.43317403855668324,0.33333333333333326,0.039532735258884184,0.268194251070089,-5.643563879563924
1.9799999999999653,1.0,0.0035512351539403577,0.05173457071151096,-0.41154114636205014,0.33333333333333337,0.039770813066506594,0.25735941635525605,-5.640459805321234
2.0399999999999663,1.0000000000000002,0.003564969439582088,0.06433346368954022,-0.3911446528558259,0.3333333333333334,0.03998082234181804,0.2471994157034223,-5.636599797499861
2.0999999999999686,1.0,0.003580797242756924,0.07383312742225516,-0.37186932823446534,0.3333333333333333,0.04016765645262074,0.23729641014857733,-5.632169809854526
2.159999999999971,0.9999999999999997,0.0035992961577750444,0.08588075817315874,-0.3536018056044048,0.33333333333333326,0.04032314510565493,0.2274428334892573,-5.627016964364136
2.219999999999973,1.0000000000000002,0.003619853366335157,0.09492006436695455,-0.33625483547369994,0.3333333333333334,0.04045727917702409,0.2179480372426156,-5.621321760502119
2.2799999999999754,0.9999999999999997,0.0036418662872889037,0.10104580104510023,-0.3197612662216412,0.33333333333333326,0.04057360008585691,0.20875507198337645,-5.615259012439413
2.3399999999999777,1.0,0.003665719046104745,0.10880403690370541,-0.30405312586362476,0.33333333333333337,0.040669578496317076,0.1998118140695082,-5.608730770225191
2.39999999999998,0.9999999999999999,0.0036895980620422894,0.10821695144649368,-0.289097792254774,0.33333333333333326,0.04076499765634132,0.19142438936588682,-5.602237753138401
2.459999999999982,0.9999999999999997,0.003713849470384592,0.10919009905895709,-0.2748563483025646,0.33333333333333326,0.04085696124046326,0.18338273558744628,-5.595686347194864
2.5199999999999845,1.0000000000000002,0.003738981070475037,0.11240335784844883,-0.26128365997353226,0.3333333333333334,0.04093746699380468,0.1757322582149637,-5.588942145723957
2.5799999999999867,1.0000000000000004,0.0037650586644145645,0.11583848983497033,-0.2483367396697723,0.3333333333333335,0.04100857455086497,0.16828521602767438,-5.5819918363338585
2.639999999999989,0.9999999999999997,0.003791734282740039,0.11766776953638924,-0.23598013816067678,0.33333333333333326,0.04107292390369197,0.1613374047520786,-5.574931770161675
2.6999999999999913,1.0,0.0038189927907158134,0.1193868613298843,-0.22418046561111515,0.33333333333333337,0.0411315293126525,0.15453693201694163,-5.567768558481882
2.7599999999999936,1.0000000000000004,0.003848020175720568,0.12620092433476654,-0.21289250462361195,0.3333333333333335,0.04117233785971917,0.14799571949994564,-5.560196503021797
2.819999999999996,1.0000000000000004,0.0038786922581434415,0.1323212331922008,-0.2020772998315088,0.33333333333333354,0.04119731180370183,0.1416365621827083,-5.552257229030265
2.879999999999998,1.0,0.003911732774369647,0.1413731779550768,-0.19169233018773474,0.33333333333333337,0.041198669778617275,0.13555938948308233,-5.5437748383529595
2.9400000000000004,0.9999999999999999,0.003947109530797204,0.15005176764154213,-0.18170058269623282,0.33333333333333326,0.04117819250521002,0.12961766874169614,-5.534771732294467
3.0000000000000027,0.9999999999999999,0.003984692599814104,0.15794372100330634,-0.17207069735603295,0.33333333333333326,0.04113743943433144,0.12406529286643014,-5.525295109034269
3.060000000000005,1.0000000000000004,0.004023996558264381,0.16359012578518833,-0.16277926628842163,0.3333333333333334,0.04108307648666499,0.11859789927253978,-5.515479701487157
3.120000000000007,0.9999999999999999,0.0040643433299047725,0.16627683327592457,-0.15381089248695584,0.33333333333333326,0.041021979929563475,0.11346708715632942,-5.505503091490602
3.1800000000000095,1.0000000000000004,0.004106402948450494,0.17158771309381632,-0.14514539788932224,0.3333333333333334,0.04094735104721337,0.10856572175751376,-5.495207828704974
3.2400000000000118,1.0,0.004150179519394363,0.17673567858741043,-0.1367644272497317,0.33333333333333337,0.040858864450710436,0.10387736659950686,-5.484603687989728
3.300000000000014,0.9999999999999999,0.004195068279939874,0.1793004216605591,-0.12865580348282388,0.33333333333333326,0.04076273364476983,0.09935747562620505,-5.473845662690095
3.3600000000000163,0.9999999999999998,0.0042402811415881295,0.17866596219910197,-0.12081353391784881,0.33333333333333326,0.04066725802480354,0.09515544049680792,-5.4631257049581485
3.4200000000000186,1.0000000000000002,0.004285178726023045,0.17554478077091615,-0.11323540997037486,0.3333333333333334,0.04057823611838707,0.09116466325568585,-5.452593018111894
3.480000000000021,1.0,0.0043304618832430575,0.175199099169913,-0.10591338209038087,0.33333333333333337,0.04048829560649312,0.08738050255457605,-5.442081072161699
3.540000000000023,1.0000000000000004,0.0043765658101997795,0.17650247387726026,-0.09883657353653781,0.3333333333333334,0.040393490346446834,0.08375182736091973,-5.431490923729064
3.6000000000000254,1.0000000000000002,0.004423597819268155,0.17814993315243832,-0.09199396171438412,0.3333333333333334,0.04029311920557552,0.08026127546864233,-5.420801927739917
3.6600000000000277,0.9999999999999997,0.004470883882322533,0.17721290622407793,-0.08537898806920885,0.3333333333333332,0.04019361137646788,0.07701474551495628,-5.410169153366472
3.72000000000003,0.9999999999999994,0.0045183965589151035,0.17618436148708247,-0.07898509331755231,0.33333333333333315,0.040095113291807434,0.07395841908687001,-5.399598091677246
3.7800000000000322,0.9999999999999999,0.004565942641658105,0.17446331115135533,-0.07280663168832671,0.33333333333333326,0.039999435935223135,0.07106212384114806,-5.389130293008166
3.8400000000000345,1.0000000000000002,0.00461405583982334,0.174704599390448,-0.06683503762999855,0.3333333333333334,0.03990169019987862,0.06833497451176446,-5.378648017044739
3.9000000000000368,0.9999999999999993,0.004662855611300126,0.1753465107370289,-0.06106150607563823,0.3333333333333331,0.039800751588719124,0.06573606572122448,-5.368127226400516
3.960000000000039,1.0,0.00471223833367648,0.17558287734312414,-0.05547815279059619,0.33333333333333337,0.039697433265711735,0.06328934684531494,-5.35759225375993
4.020000000000041,1.0,0.004761847694899455,0.17454564832561914,-0.05007902056563296,0.3333333333333333,0.03959503593406896,0.06101974669539188,-5.347119514860393
4.080000000000044,0.9999999999999998,0.0048113568737802636,0.17238957593015414,-0.04485960560129298,0.33333333333333326,0.0394962684036404,0.058845222959552336,-5.3367761403045835
4.140000000000046,0.9999999999999992,0.004860472685889911,0.16927591627551308,-0.03981645314479524,0.3333333333333331,0.03940311202319373,0.05682574623821366,-5.326619585328052
4.200000000000048,0.9999999999999996,0.004909350110321027,0.1667646494752558,-0.03494517811709418,0.3333333333333332,0.039313964629778056,0.05490957805240362,-5.316613706359537
4.26000000000005,0.9999999999999999,0.004958127005609069,0.1647746160171752,-0.03024073040997823,0.33333333333333326,0.039227496860971885,0.053142210187798425,-5.306727229398507
4.320000000000053,1.0,0.005006742688163934,0.16262486705033535,-0.025698283410880086,0.33333333333333337,0.03914414237244959,0.05146718393637303,-5.296969737375487
4.380000000000055,1.0000000000000004,0.005054840704785129,0.15934663271259808,-0.021314272860225903,0.3333333333333335,0.039066564088391105,0.04992996183257766,-5.287408939412732
4.440000000000057,1.0000000000000004,0.0051022549330352945,0.15560410294244895,-0.017085523788461985,0.3333333333333334,0.03899581205281734,0.048471795284637104,-5.278072693236185
4.5000000000000595,0.9999999999999999,0.00514906175257567,0.1521988061047974,-0.013008386320070293,0.33333333333333326,0.03893123698382317,0.04712669193706711,-5.268940764869896
4.560000000000062,0.9999999999999997,0.0051952729181355605,0.14891073050147993,-0.009079044386919574,0.33333333333333326,0.03887273189114558,0.04588622965030953,-5.260006121039807
4.620000000000064,0.9999999999999999,0.005241172882916171,0.1466024660238041,-0.005292718830051158,0.33333333333333326,0.038818026629357114,0.04471433618205566,-5.251209973078379
4.680000000000066,1.0,0.005286909327309283,0.14480868468838004,-0.001644271744623187,0.33333333333333337,0.038765997384053466,0.04361713426759738,-5.242521451997076
4.740000000000069,0.9999999999999996,0.005332580648458404,0.14335780355017036,0.0018715593737177216,0.3333333333333332,0.0387160197128741,0.042609694928087014,-5.233919983784066
4.800000000000071,0.9999999999999999,0.005378137505028698,0.14178050636866799,0.005259696235082719,0.33333333333333326,0.03866852391119851,0.04166182680403353,-5.225413153401946
