z_index,solver_z,stella_z,z_error,solver_B,stella_bmag,B_error,solver_F,stella_b_dot_gradz_over_2pi,F_error,solver_kperp2,stella_kperp2,kperp2_error,solver_D_y,stella_B_times_gradB_dot_grady,stella_B_times_kappa_dot_grady,stella_B_times_drift_y_sum,phi_abs
0,-0.5,-0.5,0.0,0.9486,0.9485542933453429,-4.570665465708501e-05,0.0019607888988921506,0.001960114464431741,-6.74434460409476e-07,1.0682999999999998,1.0685771905022403,0.0002771905022405097,0.39449999999999996,0.16769026331495332,0.2267817839134128,0.39447204722836615,3.911224154609366e-11
1,-0.49609375,-0.49609375,0.0,0.9912,0.9912328997544246,3.289975442466453e-05,0.0019607888988921506,0.001960114464431741,-6.74434460409476e-07,1.3491,1.3492334116478633,0.00013341164786329074,0.12226000000000001,0.034074460149631114,0.08818731975706406,0.12226177990669518,4.1732699302364824e-11
2,-0.4921875,-0.49218750000000006,-5.551115123125783e-17,1.059,1.058548244855842,-0.00045175514415785045,0.0019607888988921506,0.001960114464431741,-6.74434460409476e-07,1.8603,1.8600528469557454,-0.00024715304425471096,-0.16752,-0.10747568378578098,-0.060022564319193866,-0.16749824810497485,5.224268198918472e-11
3,-0.48828125,-0.48828125,0.0,1.119,1.1185523302197546,-0.0004476697802453522,0.0019607888988921506,0.001960114464431741,-6.74434460409476e-07,2.2176,2.2177671593385884,0.00016715933858835186,-0.36629999999999996,-0.2043968929260009,-0.16190449869625867,-0.3663013916222596,6.814000809973666e-11
4,-0.484375,-0.484375,0.0,1.105,1.1050006903640957,6.903640956679169e-07,0.0019607888988921506,0.001960114464431741,-6.74434460409476e-07,1.89,1.8902648768001102,0.0002648768001103363,-0.6167,-0.3301373398463021,-0.2865822304780849,-0.6167195703243871,8.327752715106932e-11
5,-0.48046875,-0.48046875,0.0,1.045,1.0449450480957938,-5.495190420612417e-05,0.0019607888988921506,0.001960114464431741,-6.74434460409476e-07,1.287,1.2868635886702982,-0.00013641132970176884,-0.23506,-0.14186571410818813,-0.09316399057687226,-0.2350297046850604,9.582102673127748e-11
6,-0.4765625,-0.4765625,0.0,0.9871,0.9871013081896343,1.3081896342859167e-06,0.0019607888988921506,0.001960114464431741,-6.74434460409476e-07,0.6208199999999999,0.6207948401396459,-2.515986035400708e-05,0.009990000000000002,-0.022285650748790995,0.032283531684387516,0.009997880935596521,9.954297105810713e-11
7,-0.47265625,-0.47265625000000006,-5.551115123125783e-17,0.9836,0.9835613875549833,-3.8612445016683594e-05,0.0019607888988921506,0.001960114464431741,-6.74434460409476e-07,0.23463,0.23465524537901936,2.5245379019350755e-05,0.004210000000000002,-0.025379259272459948,0.029585931942164315,0.0042066726697043665,1.078052831209623e-10
8,-0.46875,-0.46875,0.0,1.015,1.0154269237011158,0.00042692370111585554,0.0019607888988921506,0.001960114464431741,-6.74434460409476e-07,0.17387999999999998,0.17385389306990245,-2.610693009752474e-05,0.09340999999999999,0.020922427104832258,0.07249451717036848,0.09341694427520074,1.2716444523150614e-10
9,-0.46484375,-0.46484375,0.0,1.085,1.0851294287559083,0.00012942875590837843,0.0019607888988921506,0.001960114464431741,-6.74434460409476e-07,0.35063999999999995,0.3506124797992325,-2.752020076746131e-05,0.38970000000000005,0.17228449911381305,0.2174440266728786,0.38972852578669165,1.3617234276905088e-10
10,-0.4609375,-0.4609375,0.0,1.115,1.1149384204387252,-6.157956127483821e-05,0.0019607888988921506,0.001960114464431741,-6.74434460409476e-07,0.5840099999999999,0.5840387645365062,2.8764536506242777e-05,0.40900000000000003,0.18312715044485592,0.22589592531309705,0.40902307575795294,1.275982522773e-10
11,-0.45703125,-0.45703125,0.0,1.082,1.0823608237519962,0.00036082375199608663,0.0019607888988921506,0.001960114464431741,-6.74434460409476e-07,0.6894,0.6894029576128334,2.957612833420775e-06,0.30110000000000003,0.12785217139338936,0.1732405541655297,0.3010927255589191,1.1667986676494612e-10
12,-0.453125,-0.45312500000000006,-5.551115123125783e-17,1.015,1.0152336844283942,0.0002336844283943318,0.0019607888988921506,0.001960114464431741,-6.74434460409476e-07,0.63261,0.6326471342810963,3.713428109630712e-05,0.11882999999999999,0.03361964690123151,0.08520830760225805,0.11882795450348956,1.0949382045192953e-10
13,-0.44921875,-0.44921875000000006,-5.551115123125783e-17,0.957,0.9569855909565287,-1.440904347127514e-05,0.0019607888988921506,0.001960114464431741,-6.74434460409476e-07,0.5518799999999999,0.5518797393702867,-2.6062971325568896e-07,-0.13224,-0.0951460730475417,-0.03708792937464801,-0.13223400242218972,1.0584831043359927e-10
14,-0.4453125,-0.4453125,0.0,0.9754,0.9754054204334739,5.420433473846131e-06,0.0019607888988921506,0.001960114464431741,-6.74434460409476e-07,0.65565,0.6556064585241183,-4.3541475881703207e-05,-0.4235,-0.23966037913764474,-0.18376930996174656,-0.42342968909939127,1.0400496339318837e-10
15,-0.44140625,-0.44140625,0.0,1.034,1.0335680663960114,-0.00043193360398863234,0.0019607888988921506,0.001960114464431741,-6.74434460409476e-07,0.81135,0.8113190597321369,-3.094026786309989e-05,-0.11308,-0.08143437784309802,-0.0316540888525994,-0.11308846669569741,1.0315138545337498e-10
16,-0.4375,-0.4375,0.0,1.128,1.1282365667547511,0.0002365667547512551,0.0019607888988921506,0.001960114464431741,-6.74434460409476e-07,0.9225,0.9222479298257085,-0.0002520701742915188,0.09441999999999999,0.02631804268898016,0.06809922890942313,0.0944172715984033,1.0708213142126397e-10
17,-0.43359375,-0.43359375,0.0,1.22,1.2196566669175302,-0.00034333308246981,0.0019607888988921506,0.001960114464431741,-6.74434460409476e-07,0.8418599999999999,0.8418831353466693,2.313534666931183e-05,0.005260000000000001,-0.015244120956582048,0.020495171532697656,0.0052510505761156085,1.094400003747801e-10
18,-0.4296875,-0.42968750000000006,-5.551115123125783e-17,1.194,1.1944543600313753,0.00045436003137533376,0.0019607888988921506,0.001960114464431741,-6.74434460409476e-07,0.5406299999999999,0.5405985817751091,-3.141822489083346e-05,0.13095,0.04683765281391351,0.08411158154092252,0.13094923435483602,1.049068023840446e-10
19,-0.42578125,-0.42578125,0.0,1.098,1.0982724443338625,0.0002724443338624205,0.0019607888988921506,0.001960114464431741,-6.74434460409476e-07,0.31176,0.3117680950972403,8.095097240312654e-06,0.18328,0.06957840701353872,0.1136558948606258,0.1832343018741645,9.50191814033232e-11
20,-0.421875,-0.421875,0.0,0.9914,0.9914198722616235,1.9872261623588017e-05,0.0019607888988921506,0.001960114464431741,-6.74434460409476e-07,0.23750999999999997,0.23750451033857092,-5.489661429047832e-06,0.14191,0.043908510875534705,0.09800209813277361,0.14191060900830832,7.703638176408139e-11
21,-0.41796875,-0.41796875,0.0,0.9194,0.9193932463081675,-6.75369183245067e-06,0.0019607888988921506,0.001960114464431741,-6.74434460409476e-07,0.24686999999999998,0.24684076521138865,-2.9234788611331997e-05,0.16592,0.051521866605888735,0.11442425069500312,0.16594611730089184,6.523749065298899e-11
22,-0.4140625,-0.4140625,0.0,0.9551,0.9551056043290236,5.604329023634058e-06,0.0019607888988921506,0.001960114464431741,-6.74434460409476e-07,0.22760999999999998,0.22763677680884292,2.67768088429432e-05,-0.20049,-0.12938240945442586,-0.07109284535770748,-0.20047525481213335,6.179927831136417e-11
23,-0.41015625,-0.41015625000000006,-5.551115123125783e-17,1.081,1.0810178699293107,1.786992931074316e-05,0.0019607888988921506,0.001960114464431741,-6.74434460409476e-07,0.40058999999999995,0.40055221363326765,-3.7786366732295296e-05,-0.47930000000000006,-0.2623998174487109,-0.21690357731727283,-0.4793033947659837,5.015882130792429e-11
24,-0.40625,-0.40625000000000006,-5.551115123125783e-17,1.213,1.212907466808841,-9.253319115898329e-05,0.0019607888988921506,0.001960114464431741,-6.74434460409476e-07,1.0341,1.0344658236308795,0.00036582363087944714,-0.5266,-0.2813667462787323,-0.24522561396750603,-0.5265923602462383,3.164949924410684e-11
25,-0.40234375,-0.40234375,0.0,1.283,1.2825569407331905,-0.0004430592668094313,0.0019607888988921506,0.001960114464431741,-6.74434460409476e-07,1.7406,1.7406100995834894,1.0099583489520114e-05,-0.22086,-0.12659571134080558,-0.0942643201309178,-0.2208600314717234,2.9710062001462e-11
26,-0.3984375,-0.3984375,0.0,1.196,1.1955981177087562,-0.0004018822912437159,0.0019607888988921506,0.001960114464431741,-6.74434460409476e-07,1.2042,1.2043939790916949,0.0001939790916949402,-0.019450000000000002,-0.028322976419850134,0.00887040843473466,-0.019452567985115472,3.1930666113016113e-11
27,-0.39453125,-0.39453125,0.0,1.07,1.069566559110231,-0.0004334408897690434,0.0019607888988921506,0.001960114464431741,-6.74434460409476e-07,0.63819,0.6382233882290598,3.3388229059738705e-05,0.15635,0.05494944433803263,0.10143122367409484,0.15638066801212747,3.300743273623137e-11
28,-0.390625,-0.390625,0.0,0.9534,0.953429638382516,2.963838251601736e-05,0.0019607888988921506,0.001960114464431741,-6.74434460409476e-07,0.32228999999999997,0.3222589256283847,-3.107437161525839e-05,0.09970000000000001,0.020601679017312816,0.07910132124794697,0.09970300026525979,2.8916222797197534e-11
29,-0.38671875,-0.38671875000000006,-5.551115123125783e-17,0.9206,0.9206110169776947,1.1016977694677799e-05,0.0019607888988921506,0.001960114464431741,-6.74434460409476e-07,0.26091,0.26094039271087155,3.0392710871574025e-05,-0.024380000000000002,-0.04356030867668237,0.019175911982277125,-0.024384396694405244,2.8643674060139525e-11
30,-0.3828125,-0.3828125,0.0,0.9912,0.9912223066291473,2.2306629147372803e-05,0.0019607888988921506,0.001960114464431741,-6.74434460409476e-07,0.24650999999999998,0.24647793009785682,-3.206990214316141e-05,-0.16707,-0.11058212363751614,-0.056469328927202606,-0.16705145256471876,3.629680254525506e-11
31,-0.37890625,-0.37890625,0.0,1.112,1.1123367244653726,0.00033672446537247325,0.0019607888988921506,0.001960114464431741,-6.74434460409476e-07,0.17028,0.17032145257724549,4.145257724549878e-05,-0.37539999999999996,-0.20918944572903433,-0.16621288164377127,-0.3754023273728056,5.550199938440958e-11
32,-0.375,-0.375,0.0,1.222,1.2224103771885602,0.0004103771885601848,0.0019607888988921506,0.001960114464431741,-6.74434460409476e-07,0.10359,0.10357882441283414,-1.1175587165859757e-05,-0.3896,-0.2125579335680149,-0.1769713862939026,-0.3895293198619175,7.696128406513416e-11
33,-0.37109375,-0.37109375,0.0,1.258,1.2576888967691515,-0.00031110323084848623,0.0019607888988921506,0.001960114464431741,-6.74434460409476e-07,0.13815,0.13816964196602524,1.9641966025246704e-05,-0.4296,-0.23158070515648715,-0.19797200362726022,-0.4295527087837474,8.842658332606491e-11
34,-0.3671875,-0.36718750000000006,-5.551115123125783e-17,1.17,1.170487682618749,0.0004876826187489858,0.0019607888988921506,0.001960114464431741,-6.74434460409476e-07,0.32787,0.32783429913464956,-3.570086535042982e-05,-0.3594,-0.19913351391366343,-0.16031529190578553,-0.35944880581944894,9.385181066797872e-11
35,-0.36328125,-0.36328125,0.0,1.034,1.0339212907872468,-7.870921275321408e-05,0.0019607888988921506,0.001960114464431741,-6.74434460409476e-07,0.46557,0.46558340202545284,1.3402025452857735e-05,-0.02255,-0.036148852871976625,0.013600201477181119,-0.022548651394795505,8.807739256167403e-11
36,-0.359375,-0.359375,0.0,0.9388,0.9387856218947942,-1.4378105205770098e-05,0.0019607888988921506,0.001960114464431741,-6.74434460409476e-07,0.46314,0.46317956027106505,3.956027106505333e-05,0.3248,0.13222236269979287,0.1925594184362631,0.32478178113605594,7.658735106860743e-11
37,-0.35546875,-0.35546875,0.0,0.9441,0.9441221219459746,2.2121945974507007e-05,0.0019607888988921506,0.001960114464431741,-6.74434460409476e-07,0.45827999999999997,0.4583038647674068,2.3864767406844845e-05,-0.006850000000000002,-0.03325335293789516,0.02640455459376327,-0.006848798344131886,6.930767467930095e-11
38,-0.3515625,-0.3515625,0.0,1.021,1.0206694265085723,-0.0003305734914276215,0.0019607888988921506,0.001960114464431741,-6.74434460409476e-07,0.6332399999999999,0.6332543902170121,1.4390217012216766e-05,-0.12972,-0.09038232489297669,-0.03933506072135193,-0.1297173856143286,7.025322823540939e-11
39,-0.34765625,-0.34765625000000006,-5.551115123125783e-17,1.114,1.1140771888134446,7.718881344453976e-05,0.0019607888988921506,0.001960114464431741,-6.74434460409476e-07,0.8741699999999999,0.8741330075563272,-3.699244367272314e-05,-0.3091,-0.17598096042057695,-0.1331442428370676,-0.3091252032576446,7.278131448587116e-11
40,-0.34375,-0.34375,0.0,1.18,1.1797506791123213,-0.0002493208876785946,0.0019607888988921506,0.001960114464431741,-6.74434460409476e-07,0.9854999999999999,0.9855267000945961,2.6700094596154855e-05,-0.4667,-0.2524620819720241,-0.2142494286687749,-0.46671151064079897,6.987137960766552e-11
41,-0.33984375,-0.33984375,0.0,1.145,1.145378055487218,0.0003780554872179209,0.0019607888988921506,0.001960114464431741,-6.74434460409476e-07,0.6234299999999999,0.623442821826253,1.2821826253062163e-05,-0.4423,-0.24144544962676903,-0.20091810548484254,-0.4423635551116116,6.133286630641264e-11
42,-0.3359375,-0.3359375,0.0,1.04,1.0398174727843974,-0.00018252721560263474,0.0019607888988921506,0.001960114464431741,-6.74434460409476e-07,0.22032,0.22031451919365877,-5.4808063412181696e-06,-0.2572,-0.15316031392033191,-0.10398499460958768,-0.25714530852991957,5.624301295778062e-11
43,-0.33203125,-0.33203125,0.0,0.9988,0.9988451236422443,4.512364224429355e-05,0.0019607888988921506,0.001960114464431741,-6.74434460409476e-07,0.13023,0.13025076262614405,2.0762626144033014e-05,-0.22952,-0.14141740621306098,-0.08811856662744874,-0.22953597284050972,5.4226727580228704e-11
44,-0.328125,-0.328125,0.0,0.9867,0.9866656101181848,-3.4389881815255485e-05,0.0019607888988921506,0.001960114464431741,-6.74434460409476e-07,0.30186,0.3018980640052779,3.806400527789355e-05,0.002610000000000001,-0.026006429116677495,0.02861862269233082,0.002612193575653326,5.0963768167586516e-11
45,-0.32421875,-0.32421875000000006,-5.551115123125783e-17,1.009,1.008880313073844,-0.00011968692615593746,0.0019607888988921506,0.001960114464431741,-6.74434460409476e-07,0.5246099999999999,0.5245845036761414,-2.5496323858509307e-05,0.2586,0.10315129502713212,0.15539719821315578,0.2585484932402879,4.838016318541004e-11
46,-0.3203125,-0.3203125,0.0,1.049,1.049153014721847,0.00015301472184714449,0.0019607888988921506,0.001960114464431741,-6.74434460409476e-07,0.7264799999999999,0.7264381622579846,-4.183774201527157e-05,0.2499,0.10082375429533437,0.1491244862746771,0.24994824057001147,4.7311439393009484e-11
47,-0.31640625,-0.31640625,0.0,1.087,1.086672677264507,-0.0003273227354929631,0.0019607888988921506,0.001960114464431741,-6.74434460409476e-07,0.9242999999999999,0.9239099372208975,-0.00039006277910236253,0.10244,0.0287004834010018,0.07374148673208064,0.10244197013308244,4.9554989865875324e-11
48,-0.3125,-0.3125,0.0,1.061,1.0613222151325483,0.00032221513254837575,0.0019607888988921506,0.001960114464431741,-6.74434460409476e-07,0.9369,0.9365015882778362,-0.00039841172216370513,-0.061821,-0.05450889027093253,-0.007310757229789855,-0.061819647500722386,5.080759509187598e-11
49,-0.30859375,-0.30859375,0.0,1.022,1.0217491203567313,-0.00025087964326875323,0.0019607888988921506,0.001960114464431741,-6.74434460409476e-07,0.8459099999999999,0.8458878393642413,-2.216063575866123e-05,-0.21563,-0.1332716400064685,-0.08233242132142722,-0.21560406132789572,5.121880161529878e-11
50,-0.3046875,-0.3046875,0.0,0.9886,0.9885719198645404,-2.8080135459629396e-05,0.0019607888988921506,0.001960114464431741,-6.74434460409476e-07,0.72162,0.7216019643700472,-1.803562995283947e-05,-0.20834999999999998,-0.13136085681485593,-0.07694806695666986,-0.2083089237715258,5.355520401831779e-11
51,-0.30078125,-0.30078125,0.0,0.9947,0.9947010289620901,1.0289620900882923e-06,0.0019607888988921506,0.001960114464431741,-6.74434460409476e-07,0.54792,0.547946169213944,2.6169213944049474e-05,-0.004399999999999998,-0.02907014208373082,0.024672518463557953,-0.004397623620172868,5.790696277517038e-11
52,-0.296875,-0.296875,0.0,1.02,1.0202458465993547,0.000245846599354671,0.0019607888988921506,0.001960114464431741,-6.74434460409476e-07,0.38709,0.38710252130321254,1.2521303212553736e-05,0.17411000000000001,0.06151251505394639,0.11259155460888226,0.17410406966282865,5.986350838979317e-11
53,-0.29296875,-0.29296875,0.0,1.119,1.1191615717561056,0.00016157175610564956,0.0019607888988921506,0.001960114464431741,-6.74434460409476e-07,0.26667,0.2667100262168794,4.002621687937413e-05,0.07679,0.017169204190588566,0.05962283578993843,0.076792039980527,5.957700119374343e-11
54,-0.2890625,-0.2890625,0.0,1.177,1.177105330240686,0.00010533024068593022,0.0019607888988921506,0.001960114464431741,-6.74434460409476e-07,0.15794999999999998,0.15797934421083928,2.934421083930494e-05,0.07951,0.02056254162914327,0.058945712266828244,0.07950825389597152,5.647449807300481e-11
55,-0.28515625,-0.28515625,0.0,1.132,1.1323120036989365,0.0003120036989365804,0.0019607888988921506,0.001960114464431741,-6.74434460409476e-07,0.10142999999999999,0.10146776236214633,3.7762362146337436e-05,0.14806999999999998,0.053304445720152485,0.09477337798918553,0.14807782370933803,5.3423185930896335e-11
56,-0.28125,-0.28125,0.0,1.042,1.042368620714537,0.00036862071453702683,0.0019607888988921506,0.001960114464431741,-6.74434460409476e-07,0.08967599999999999,0.08967236006123604,-3.639938763955186e-06,0.16167,0.0563681080817826,0.10530912698597004,0.16167723506775264,4.5904181447968334e-11
57,-0.27734375,-0.27734375,0.0,0.9594,0.9594325367504036,3.2536750403600045e-05,0.0019607888988921506,0.001960114464431741,-6.74434460409476e-07,0.10557,0.1055849282532911,1.4928253291107696e-05,0.12974,0.035986313523244016,0.09375469224086062,0.12974100576410463,3.6148493066720054e-11
58,-0.2734375,-0.2734375,0.0,0.9291,0.929080256919679,-1.9743080321044104e-05,0.0019607888988921506,0.001960114464431741,-6.74434460409476e-07,0.10854,0.10858425091901362,4.425091901362477e-05,-0.044218999999999994,-0.05291437238999013,0.008690876959735128,-0.044223495430255,3.265153057806169e-11
59,-0.26953125,-0.26953125,0.0,1.008,1.008366617874499,0.00036661787449898675,0.0019607888988921506,0.001960114464431741,-6.74434460409476e-07,0.17451,0.17446940016507786,-4.0599834922133704e-05,-0.3393,-0.19584662205370842,-0.1435453050511825,-0.3393919271048909,2.6908794230911283e-11
60,-0.265625,-0.265625,0.0,1.137,1.1365053448918967,-0.0004946551081033146,0.0019607888988921506,0.001960114464431741,-6.74434460409476e-07,0.47493,0.4749564380208253,2.6438020825303443e-05,-0.3467,-0.19393002013447352,-0.15276276952011783,-0.3466927896545914,1.1232621339806265e-11
61,-0.26171875,-0.26171875,0.0,1.244,1.2435852894238846,-0.00041471057611541795,0.0019607888988921506,0.001960114464431741,-6.74434460409476e-07,0.9054,0.9051731190679634,-0.00022688093203659943,-0.3008,-0.16762133671940482,-0.13324619546316405,-0.3008675321825689,1.0222830703249841e-11
62,-0.2578125,-0.2578125,0.0,1.241,1.2414527200277377,0.00045272002773755204,0.0019607888988921506,0.001960114464431741,-6.74434460409476e-07,0.8963099999999999,0.8963504953230802,4.0495323080258494e-05,-0.054398,-0.04445486834158604,-0.0099484562460473,-0.05440332458763334,2.5423166243047894e-11
63,-0.25390625,-0.25390625,0.0,1.142,1.1418707335765843,-0.00012926642341559713,0.0019607888988921506,0.001960114464431741,-6.74434460409476e-07,0.5095799999999999,0.5095550510789603,-2.4948921039658067e-05,-0.029678999999999997,-0.03522597738635015,0.005550981523622836,-0.029674995862727316,3.428476960553284e-11
64,-0.25,-0.25,0.0,1.016,1.0155448131538403,-0.0004551868461597497,0.0019607888988921506,0.001960114464431741,-6.74434460409476e-07,0.26325,0.26326158995080223,1.1589950802248783e-05,0.08572,0.017082213309108387,0.06863666253881222,0.08571887584792061,3.488276302175619e-11
65,-0.24609375,-0.24609375000000003,-2.7755575615628914e-17,0.9318,0.9318120279286596,1.2027928659619214e-05,0.0019607888988921506,0.001960114464431741,-6.74434460409476e-07,0.18999000000000002,0.19001814644815831,2.8146448158294923e-05,0.08437,0.011567633639590569,0.07280316414404367,0.08437079778363424,3.2580888290230756e-11
66,-0.2421875,-0.2421875,0.0,0.937,0.9370006671586186,6.67158618572472e-07,0.0019607888988921506,0.001960114464431741,-6.74434460409476e-07,0.16848,0.1684428857137612,-3.711428623878743e-05,-0.0288,-0.04467858256269937,0.015882836498379026,-0.02879574606432034,3.484791770313032e-11
67,-0.23828125,-0.23828125,0.0,1.036,1.0363858057802071,0.00038580578020708245,0.0019607888988921506,0.001960114464431741,-6.74434460409476e-07,0.11312999999999998,0.11313751659748271,7.516597482729037e-06,-0.23708,-0.14328097323773253,-0.09378272267197703,-0.23706369590970955,5.055184859000311e-11
68,-0.234375,-0.234375,0.0,1.17,1.1696177171723456,-0.00038228282765429,0.0019607888988921506,0.001960114464431741,-6.74434460409476e-07,0.086994,0.0869979968351925,3.9968351925046e-06,-0.3434,-0.1911272383325072,-0.15225906412816737,-0.3433863024606746,7.265109881384436e-11
69,-0.23046875,-0.23046875,0.0,1.274,1.2737977650081194,-0.00020223499188065652,0.0019607888988921506,0.001960114464431741,-6.74434460409476e-07,0.16965,0.16965586173339278,5.861733392786839e-06,-0.3653,-0.19903493131999636,-0.1662570730283652,-0.36529200434836157,8.67021125382855e-11
70,-0.2265625,-0.22656250000000003,-2.7755575615628914e-17,1.236,1.236294690805572,0.00029469080557209537,0.0019607888988921506,0.001960114464431741,-6.74434460409476e-07,0.30123,0.3012690198224226,3.901982242260349e-05,-0.22503,-0.12990747662766175,-0.09512532927654499,-0.22503280590420674,8.897109132754403e-11
71,-0.22265625,-0.22265625,0.0,1.117,1.117445649673905,0.00044564967390492427,0.0019607888988921506,0.001960114464431741,-6.74434460409476e-07,0.30915,0.30915583620328213,5.836203282150176e-06,-0.11532,-0.0789519653275157,-0.036367689186788066,-0.11531965451430376,7.937314636035107e-11
72,-0.21875,-0.21875,0.0,0.9767,0.9767028014859203,2.801485920245206e-06,0.0019607888988921506,0.001960114464431741,-6.74434460409476e-07,0.24317999999999998,0.24321820831013222,3.8208310132237244e-05,0.11109,0.027672696446850345,0.08342049353592866,0.111093189982779,6.058754930490147e-11
73,-0.21484375,-0.21484375000000003,-2.7755575615628914e-17,0.9152,0.9151784503071835,-2.154969281653596e-05,0.0019607888988921506,0.001960114464431741,-6.74434460409476e-07,0.19341,0.19341593611317476,5.936113174759283e-06,0.12844,0.032475656434608195,0.09596471675622598,0.12844037319083418,5.025025815600436e-11
74,-0.2109375,-0.2109375,0.0,0.9721,0.9721350933151498,3.509331514983671e-05,0.0019607888988921506,0.001960114464431741,-6.74434460409476e-07,0.22347,0.22348154133661197,1.1541336611964326e-05,-0.11016000000000001,-0.08321462754061995,-0.02695099912516757,-0.11016562666578752,5.462716024702543e-11
75,-0.20703125,-0.20703125,0.0,1.07,1.0701972612519002,0.000197261251900116,0.0019607888988921506,0.001960114464431741,-6.74434460409476e-07,0.30230999999999997,0.3023251240992434,1.5124099243424283e-05,-0.1966,-0.12152211851966527,-0.07509526315964046,-0.19661738167930573,5.7513639124377265e-11
76,-0.203125,-0.20312500000000003,-2.7755575615628914e-17,1.176,1.1763999917469363,0.00039999174693639006,0.0019607888988921506,0.001960114464431741,-6.74434460409476e-07,0.39951,0.3995209539675331,1.0953967533144926e-05,-0.2708,-0.15461716370089446,-0.11619175311385102,-0.2708089168147455,4.980979638484863e-11
77,-0.19921875,-0.19921875,0.0,1.228,1.2284165634684316,0.00041656346843166325,0.0019607888988921506,0.001960114464431741,-6.74434460409476e-07,0.36971999999999994,0.36967835446667746,-4.1645533322476336e-05,-0.3658,-0.2005171227560324,-0.16528293284570203,-0.36580005560173445,3.661749195461334e-11
78,-0.1953125,-0.1953125,0.0,1.161,1.1606717893162903,-0.0003282106837096954,0.0019607888988921506,0.001960114464431741,-6.74434460409476e-07,0.15021,0.15019687853365524,-1.312146634477318e-05,-0.375,-0.20724006397569184,-0.16776102162746953,-0.37500108560316137,2.1291076453371596e-11
79,-0.19140625,-0.19140625,0.0,1.052,1.0524348195092899,0.0004348195092898077,0.0019607888988921506,0.001960114464431741,-6.74434460409476e-07,0.077661,0.07765682451087129,-4.175489128704912e-06,-0.31620000000000004,-0.18212047729799852,-0.13411174416246005,-0.3162322214604586,5.5361466637587775e-12
80,-0.1875,-0.1875,0.0,0.9872,0.9871557737343181,-4.4226265681901467e-05,0.0019607888988921506,0.001960114464431741,-6.74434460409476e-07,0.17478,0.17479208389829265,1.2083898292658546e-05,-0.039113999999999996,-0.04683692583772131,0.00772630976795132,-0.03911061606976999,2.5302879150010342e-11
81,-0.18359375,-0.18359375000000003,-2.7755575615628914e-17,0.9498,0.9498451030724763,4.5103072476293526e-05,0.0019607888988921506,0.001960114464431741,-6.74434460409476e-07,0.24732,0.24732659284336236,6.592843362351886e-06,0.1879,0.06449516766550903,0.12342762988370677,0.18792279754921581,3.312797536934463e-11
82,-0.1796875,-0.1796875,0.0,0.9995,0.9995384918782939,3.849187829385592e-05,0.0019607888988921506,0.001960114464431741,-6.74434460409476e-07,0.33147,0.3315089574322306,3.895743223059078e-05,0.09353,0.020155630215213147,0.07337366393445272,0.09352929414966586,3.712911330887664e-11
83,-0.17578125,-0.17578125,0.0,1.067,1.0665841846960153,-0.0004158153039846013,0.0019607888988921506,0.001960114464431741,-6.74434460409476e-07,0.47664,0.4766303883955961,-9.611604403880758e-06,-0.024300000000000002,-0.03552039973924819,0.01122094306481102,-0.02429945667443717,4.708933136988355e-11
84,-0.171875,-0.171875,0.0,1.119,1.118959229644649,-4.077035535110518e-05,0.0019607888988921506,0.001960114464431741,-6.74434460409476e-07,0.58824,0.5882120684963086,-2.793150369140296e-05,-0.13778,-0.09011736488769921,-0.0476561960526968,-0.137773560940396,5.259441645314872e-11
85,-0.16796875,-0.16796875,0.0,1.099,1.0988129872100594,-0.00018701278994059933,0.0019607888988921506,0.001960114464431741,-6.74434460409476e-07,0.55026,0.550272201827744,1.2201827743973936e-05,-0.2606,-0.1523450777759787,-0.10829941570200574,-0.26064449347798446,5.5604304957270025e-11
86,-0.1640625,-0.1640625,0.0,1.034,1.034336382380066,0.0003363823800659471,0.0019607888988921506,0.001960114464431741,-6.74434460409476e-07,0.44109,0.4410973573454434,7.3573454434372465e-06,-0.07054,-0.06012357720347988,-0.01041746044405738,-0.07054103764753726,5.8017659852759774e-11
87,-0.16015625,-0.16015625,0.0,0.9852,0.9852396829304677,3.968293046774374e-05,0.0019607888988921506,0.001960114464431741,-6.74434460409476e-07,0.28593,0.285921912284278,-8.087715722027156e-06,0.021079999999999998,-0.01684908606115917,0.03792567030442085,0.02107658424326168,5.980755626502452e-11
88,-0.15625,-0.15625,0.0,0.9841,0.9841227550502581,2.2755050258171927e-05,0.0019607888988921506,0.001960114464431741,-6.74434460409476e-07,0.16416,0.1641482327512066,-1.176724879339841e-05,0.01922,-0.01783602722817196,0.03706409582207317,0.01922806859390121,6.445697394017861e-11
89,-0.15234375,-0.15234375,0.0,1.024,1.02443126447387,0.00043126447386998557,0.0019607888988921506,0.001960114464431741,-6.74434460409476e-07,0.08829899999999999,0.0882950496192356,-3.950380764394801e-06,0.036788,-0.006942294104200147,0.043728699456508015,0.03678640535230787,6.927065503727469e-11
90,-0.1484375,-0.1484375,0.0,1.092,1.092215419294404,0.00021541929440394014,0.0019607888988921506,0.001960114464431741,-6.74434460409476e-07,0.048014999999999995,0.04801073825683069,-4.2617431693023344e-06,0.07917,0.017297508242617946,0.06187488599829743,0.07917239424091538,7.332295066017641e-11
91,-0.14453125,-0.14453125,0.0,1.118,1.1176695833303292,-0.00033041666967092986,0.0019607888988921506,0.001960114464431741,-6.74434460409476e-07,0.032390999999999996,0.0323899021037401,-1.0978962598981457e-06,0.12228,0.03986063912451113,0.08242010034831626,0.12228073947282739,7.199038591044928e-11
92,-0.140625,-0.140625,0.0,1.075,1.0745800752517494,-0.00041992474825058856,0.0019607888988921506,0.001960114464431741,-6.74434460409476e-07,0.03340799999999999,0.03340598365487935,-2.0163451206409166e-06,0.13132,0.04263636409318204,0.0886847037914617,0.13132106788464376,6.52910759785325e-11
93,-0.13671875,-0.13671875,0.0,1.008,1.007559931734177,-0.0004400682658229904,0.0019607888988921506,0.001960114464431741,-6.74434460409476e-07,0.042966,0.04297018432329734,4.184323297344583e-06,0.0912,0.019410394952005736,0.07178551577424251,0.09119591072624825,5.285563200419665e-11
94,-0.1328125,-0.1328125,0.0,0.9527,0.952675734274424,-2.4265725576011477e-05,0.0019607888988921506,0.001960114464431741,-6.74434460409476e-07,0.052163999999999995,0.05216125516412343,-2.744835876568319e-06,0.013310000000000002,-0.02263697291514263,0.0359469249395293,0.01330995202438667,3.6541649865174064e-11
95,-0.12890625,-0.12890625,0.0,0.9811,0.9810973526600191,-2.647339980899055e-06,0.0019607888988921506,0.001960114464431741,-6.74434460409476e-07,0.081477,0.08147577969668603,-1.2203033139673858e-06,-0.21056,-0.13290537992167803,-0.07766383900471807,-0.2105692189263961,2.5227373098190464e-11
96,-0.125,-0.125,0.0,1.042,1.0424914632079325,0.0004914632079324743,0.0019607888988921506,0.001960114464431741,-6.74434460409476e-07,0.18846,0.18844791427959284,-1.2085720407145617e-05,-0.19226,-0.12059075746666226,-0.07165930771714794,-0.19225006518381021,1.7994093937956655e-11
97,-0.12109375,-0.12109375,0.0,1.145,1.144645790100905,-0.00035420989909495937,0.0019607888988921506,0.001960114464431741,-6.74434460409476e-07,0.38672999999999996,0.38674987487732354,1.9874877323577955e-05,-0.14912999999999998,-0.09486379451119423,-0.05427274978623005,-0.1491365442974243,1.4789070002728657e-11
98,-0.1171875,-0.1171875,0.0,1.225,1.2249726780434245,-2.7321956575621087e-05,0.0019607888988921506,0.001960114464431741,-6.74434460409476e-07,0.5327999999999999,0.5328282799418285,2.8279941828524002e-05,-0.18318,-0.10931520739322578,-0.07388388172566622,-0.183199089118892,1.1546390727413726e-11
99,-0.11328125,-0.11328125000000001,-1.3877787807814457e-17,1.186,1.1856533818471942,-0.0003466181528057888,0.0019607888988921506,0.001960114464431741,-6.74434460409476e-07,0.42282000000000003,0.42284434606691906,2.4346066919034293e-05,-0.06697,-0.0524036018306617,-0.014574265064115894,-0.0669778668947776,6.564676437016709e-12
100,-0.109375,-0.109375,0.0,1.084,1.084378616045376,0.00037861604537603455,0.0019607888988921506,0.001960114464431741,-6.74434460409476e-07,0.24264,0.24266801625685344,2.8016256853446997e-05,-0.012879999999999999,-0.029051619703391512,0.016166300770870036,-0.012885318932521476,3.597960648486238e-12
101,-0.10546875,-0.10546875,0.0,0.9818,0.981758379143083,-4.16208569170573e-05,0.0019607888988921506,0.001960114464431741,-6.74434460409476e-07,0.1431,0.14309781706035155,-2.182939648459614e-06,0.008999999999999998,-0.02308248650868521,0.03208088403685826,0.008998397528173052,7.29026854956862e-12
102,-0.1015625,-0.10156250000000001,-1.3877787807814457e-17,0.9161,0.9161028235837526,2.8235837525869556e-06,0.0019607888988921506,0.001960114464431741,-6.74434460409476e-07,0.12240000000000001,0.12238227986248806,-1.7720137511945122e-05,0.12564,0.031140414884716073,0.0944980950375179,0.12563850992223397,1.946820837636648e-11
103,-0.09765625,-0.09765625,0.0,0.9654,0.9653883173502524,-1.1682649747601914e-05,0.0019607888988921506,0.001960114464431741,-6.74434460409476e-07,0.09612,0.09608198170640017,-3.801829359982578e-05,-0.05700197,-0.05703136288118654,2.8032603656758754e-05,-0.05700333027752978,2.311261122478998e-11
104,-0.09375,-0.09375,0.0,1.099,1.0994793407823724,0.0004793407823724394,0.0019607888988921506,0.001960114464431741,-6.74434460409476e-07,0.059265,0.05926666542675299,1.665426752991972e-06,-0.2952,-0.16955493523149143,-0.1255718774211761,-0.2951268126526675,3.157422717639232e-11
105,-0.08984375,-0.08984375,0.0,1.225,1.2246058609281931,-0.00039413907180696484,0.0019607888988921506,0.001960114464431741,-6.74434460409476e-07,0.10521,0.10519783287646717,-1.2167123532830226e-05,-0.3611,-0.1982793886320274,-0.1628284734694384,-0.36110786210146584,4.510859245628232e-11
106,-0.0859375,-0.0859375,0.0,1.28,1.2796924554760882,-0.00030754452391179576,0.0019607888988921506,0.001960114464431741,-6.74434460409476e-07,0.24633,0.24631745557878965,-1.25444212103476e-05,-0.272,-0.15224534847048019,-0.11976874186993514,-0.27201409034041535,5.036485524474476e-11
107,-0.08203125,-0.08203125,0.0,1.183,1.1826973199008608,-0.000302680099139252,0.0019607888988921506,0.001960114464431741,-6.74434460409476e-07,0.23597999999999997,0.23600176231141995,2.176231141998164e-05,-0.1744,-0.10620613284798386,-0.06819543737835806,-0.17440157022634192,4.446682517144378e-11
108,-0.078125,-0.078125,0.0,1.053,1.0529494751358723,-5.0524864127599045e-05,0.0019607888988921506,0.001960114464431741,-6.74434460409476e-07,0.18144,0.18140720746261624,-3.279253738375232e-05,-0.047280100000000005,-0.04761736124025011,0.0003399302613782486,-0.04727743097887186,3.5322981277271435e-11
109,-0.07421875,-0.07421875,0.0,0.9448,0.9448131392111957,1.3139211195722922e-05,0.0019607888988921506,0.001960114464431741,-6.74434460409476e-07,0.12240000000000001,0.12239897369330299,-1.0263066970161994e-06,0.025389999999999996,-0.01709191501454089,0.042475906054955735,0.025383991040414847,2.990246963375712e-11
110,-0.0703125,-0.0703125,0.0,0.9254,0.9253770637075267,-2.293629247329676e-05,0.0019607888988921506,0.001960114464431741,-6.74434460409476e-07,0.10908,0.1090923052025506,1.230520255060541e-05,0.017650000000000002,-0.022218421965695873,0.039871226437966735,0.017652804472270862,3.2789809920236884e-11
111,-0.06640625,-0.06640625,0.0,1.003,1.0030313911266904,3.139112669048316e-05,0.0019607888988921506,0.001960114464431741,-6.74434460409476e-07,0.14876999999999999,0.148747594552482,-2.2405447517998e-05,-0.05503,-0.05393656682871226,-0.0010903742783443134,-0.05502694110705657,4.051434081350205e-11
112,-0.0625,-0.0625,0.0,1.127,1.1274557336335331,0.00045573363353312857,0.0019607888988921506,0.001960114464431741,-6.74434460409476e-07,0.19962,0.19958675641744136,-3.324358255862858e-05,-0.1968,-0.11933184318377979,-0.07750366912222861,-0.1968355123060084,4.5905488159821866e-11
113,-0.05859375,-0.05859375,0.0,1.232,1.2324723763397096,0.0004723763397096459,0.0019607888988921506,0.001960114464431741,-6.74434460409476e-07,0.24372000000000002,0.24368374567230222,-3.6254327697798905e-05,-0.22063,-0.1278347108459928,-0.0928250643577702,-0.220659775203763,4.3959846764173746e-11
114,-0.0546875,-0.0546875,0.0,1.251,1.2512371489609315,0.0002371489609316324,0.0019607888988921506,0.001960114464431741,-6.74434460409476e-07,0.16191,0.16193228861497405,2.22886149740531e-05,-0.35150000000000003,-0.1927127479381635,-0.1587566148799032,-0.35146936281806673,3.609182426523226e-11
115,-0.05078125,-0.05078125000000001,-6.938893903907228e-18,1.154,1.1538222773137026,-0.00017772268629734356,0.0019607888988921506,0.001960114464431741,-6.74434460409476e-07,0.056133,0.05613184290415153,-1.1570958484696803e-06,-0.3528,-0.19639381829475092,-0.15644856565450113,-0.35284238394925205,2.148576932654039e-11
116,-0.046875,-0.046875,0.0,1.021,1.020734624139955,-0.0002653758600448253,0.0019607888988921506,0.001960114464431741,-6.74434460409476e-07,0.077706,0.07770756450532497,1.5645053249718766e-06,-0.16837000000000002,-0.10971712519406028,-0.05867358862999692,-0.1683907138240572,1.0282726987116783e-11
117,-0.04296875,-0.04296875,0.0,0.933,0.9330407897779941,4.07897779940436e-05,0.0019607888988921506,0.001960114464431741,-6.74434460409476e-07,0.1233,0.1233424755145498,4.2475514549791815e-05,0.12329999999999999,0.031107852952809125,0.09219157133355267,0.1232994242863618,2.05089934276784e-11
118,-0.0390625,-0.0390625,0.0,0.9516,0.951560325837038,-3.967416296202231e-05,0.0019607888988921506,0.001960114464431741,-6.74434460409476e-07,0.13949999999999999,0.1395020747731594,2.0747731594161767e-06,0.040853,-0.00893720595138857,0.04979221799362518,0.04085501204223661,1.9522184327860902e-11
119,-0.03515625,-0.03515625,0.0,1.031,1.031490313066047,0.0004903130660471877,0.0019607888988921506,0.001960114464431741,-6.74434460409476e-07,0.21105000000000002,0.2110727972528528,2.2797252852785332e-05,0.0016799999999999975,-0.02414806278740466,0.02583259369865944,0.00168453091125478,9.099137568331732e-12
120,-0.03125,-0.03125,0.0,1.123,1.1233149808782414,0.0003149808782414443,0.0019607888988921506,0.001960114464431741,-6.74434460409476e-07,0.33138,0.33138656118043625,6.561180436237546e-06,-0.07915,-0.06064404725969297,-0.01850850668985058,-0.07915255394954354,1.1049276089819629e-11
121,-0.02734375,-0.02734375,0.0,1.179,1.1793833687001898,0.00038336870018973457,0.0019607888988921506,0.001960114464431741,-6.74434460409476e-07,0.42201,0.42198145701557177,-2.8542984428225893e-05,-0.20618999999999998,-0.12222223687077,-0.08398671029740232,-0.2062089471681723,6.476799510001224e-12
122,-0.0234375,-0.0234375,0.0,1.133,1.1328276954865923,-0.00017230451340766173,0.0019607888988921506,0.001960114464431741,-6.74434460409476e-07,0.35433,0.3543666878882447,3.6687888244735234e-05,-0.17374,-0.10757528761587543,-0.06614277971718271,-0.17371806733305814,6.167580714231139e-12
123,-0.01953125,-0.01953125,0.0,1.029,1.0292438406548619,0.00024384065486193762,0.0019607888988921506,0.001960114464431741,-6.74434460409476e-07,0.2079,0.20792284141373618,2.2841413736179872e-05,-0.031404,-0.04079508847865411,0.009395609408383169,-0.03139947907027094,1.5865503025499627e-11
124,-0.015625,-0.015625,0.0,0.9966,0.9966448646687894,4.486466878939055e-05,0.0019607888988921506,0.001960114464431741,-6.74434460409476e-07,0.10475999999999999,0.10478971722549602,2.971722549602318e-05,-0.10221,-0.07787190221238736,-0.02433814710786621,-0.10221004932025357,1.7133584507148725e-11
125,-0.01171875,-0.01171875,0.0,0.9871,0.9871169428018622,1.6942801862263046e-05,0.0019607888988921506,0.001960114464431741,-6.74434460409476e-07,0.05003099999999999,0.05003378685799366,2.786857993666847e-06,-0.07964,-0.06710783568884723,-0.012533868141489102,-0.07964170383033634,1.8833325688670616e-11
126,-0.0078125,-0.0078125,0.0,1.015,1.0153472017696734,0.0003472017696735108,0.0019607888988921506,0.001960114464431741,-6.74434460409476e-07,0.030500999999999997,0.03050215025777999,1.1502577799936409e-06,0.01958,-0.015998900677557083,0.03558431098468124,0.019585410307124157,2.400267686225284e-11
127,-0.00390625,-0.00390625,0.0,1.055,1.0552001727369755,0.00020017273697559013,0.0019607888988921506,0.001960114464431741,-6.74434460409476e-07,0.022104,0.02210381917000699,-1.8082999300728098e-07,0.08562,0.018935858529830162,0.06668429376856652,0.08562015229839669,2.769537647855475e-11
128,0.0,0.0,0.0,1.087,1.0874637498556448,0.00046374985564479054,0.0019607888988921506,0.001960114464431741,-6.74434460409476e-07,0.018674999999999997,0.018676237648611465,1.2376486114677732e-06,0.09887,0.026946489515925837,0.07192193507310363,0.09886842458902946,2.9136670848478574e-11
129,0.00390625,0.00390625,0.0,1.055,1.0552001727369666,0.00020017273696670834,0.0019607888988921506,0.001960114464431741,-6.74434460409476e-07,0.022104,0.022103819170008282,-1.808299917166467e-07,0.08562,0.018935858529826197,0.06668429376856333,0.08562015229838953,2.7695376478553722e-11
130,0.0078125,0.0078125,0.0,1.015,1.0153472017696652,0.00034720176966529515,0.0019607888988921506,0.001960114464431741,-6.74434460409476e-07,0.030500999999999997,0.030502150257782096,1.1502577820995952e-06,0.01958,-0.0159989006775663,0.03558431098467287,0.01958541030710657,2.4002676862250723e-11
131,0.01171875,0.01171875,0.0,0.9871,0.9871169428018617,1.6942801861707935e-05,0.0019607888988921506,0.001960114464431741,-6.74434460409476e-07,0.05003099999999999,0.05003378685800099,2.786858001001258e-06,-0.07964,-0.06710783568885519,-0.012533868141496998,-0.07964170383035218,1.8833325688667747e-11
132,0.015625,0.015625,0.0,0.9966,0.9966448646687923,4.486466879227713e-05,0.0019607888988921506,0.001960114464431741,-6.74434460409476e-07,0.10475999999999999,0.10478971722551447,2.971722551448064e-05,-0.10221,-0.07787190221238273,-0.024338147107861915,-0.10221004932024465,1.7133584507147223e-11
133,0.01953125,0.01953125,0.0,1.029,1.029243840654878,0.00024384065487814688,0.0019607888988921506,0.001960114464431741,-6.74434460409476e-07,0.2079,0.20792284141376596,2.2841413765961605e-05,-0.031404,-0.04079508847865322,0.009395609408382473,-0.03139947907027075,1.5865503025496344e-11
134,0.0234375,0.0234375,0.0,1.133,1.132827695486613,-0.00017230451338701158,0.0019607888988921506,0.001960114464431741,-6.74434460409476e-07,0.35433,0.3543666878882732,3.6687888273212454e-05,-0.17374,-0.10757528761589528,-0.0661427797172041,-0.17371806733309939,6.167580714225455e-12
135,0.02734375,0.02734375,0.0,1.179,1.179383368700189,0.0003833687001888464,0.0019607888988921506,0.001960114464431741,-6.74434460409476e-07,0.42201,0.4219814570155693,-2.8542984430723894e-05,-0.20618999999999998,-0.12222223687075395,-0.08398671029738623,-0.2062089471681402,6.476799510006343e-12
136,0.03125,0.03125,0.0,1.123,1.123314980878223,0.00031498087822301457,0.0019607888988921506,0.001960114464431741,-6.74434460409476e-07,0.33138,0.33138656118040777,6.561180407760325e-06,-0.07915,-0.06064404725969008,-0.018508506689846327,-0.07915255394953641,1.1049276089822651e-11
137,0.03515625,0.03515625,0.0,1.031,1.0314903130660293,0.0004903130660294241,0.0019607888988921506,0.001960114464431741,-6.74434460409476e-07,0.21105000000000002,0.21107279725283334,2.2797252833328674e-05,0.0016799999999999975,-0.02414806278739579,0.025832593698670026,0.0016845309112742367,9.099137568332354e-12
138,0.0390625,0.0390625,0.0,0.9516,0.9515603258370251,-3.9674162974900895e-05,0.0019607888988921506,0.001960114464431741,-6.74434460409476e-07,0.13949999999999999,0.13950207477315305,2.07477315306015e-06,0.040853,-0.008937205951376643,0.049792217993638706,0.040855012042262065,1.9522184327855748e-11
139,0.04296875,0.04296875,0.0,0.933,0.933040789778003,4.078977800292538e-05,0.0019607888988921506,0.001960114464431741,-6.74434460409476e-07,0.1233,0.12334247551454548,4.247551454547582e-05,0.12329999999999999,0.031107852952792916,0.0921915713335353,0.12329942428632822,2.0508993427666212e-11
140,0.046875,0.046875,0.0,1.021,1.020734624139976,-0.0002653758600239531,0.0019607888988921506,0.001960114464431741,-6.74434460409476e-07,0.077706,0.0777075645053145,1.5645053145080245e-06,-0.16837000000000002,-0.10971712519408493,-0.05867358863002368,-0.1683907138241086,1.0282726987119544e-11
141,0.05078125,0.05078125000000001,6.938893903907228e-18,1.154,1.1538222773137286,-0.00017772268627136434,0.0019607888988921506,0.001960114464431741,-6.74434460409476e-07,0.056133,0.05613184290415852,-1.1570958414822141e-06,-0.3528,-0.19639381829475838,-0.1564485656545104,-0.3528423839492688,2.148576932654471e-11
142,0.0546875,0.0546875,0.0,1.251,1.2512371489609413,0.00023714896094140236,0.0019607888988921506,0.001960114464431741,-6.74434460409476e-07,0.16191,0.16193228861500017,2.2288615000171097e-05,-0.35150000000000003,-0.1927127479381548,-0.15875661487989493,-0.35146936281804975,3.609182426524124e-11
143,0.05859375,0.05859375,0.0,1.232,1.2324723763396939,0.0004723763396938807,0.0019607888988921506,0.001960114464431741,-6.74434460409476e-07,0.24372000000000002,0.24368374567230014,-3.625432769988057e-05,-0.22063,-0.1278347108459887,-0.09282506435776522,-0.22065977520375393,4.3959846764180816e-11
144,0.0625,0.0625,0.0,1.127,1.1274557336335072,0.00045573363350714935,0.0019607888988921506,0.001960114464431741,-6.74434460409476e-07,0.19962,0.1995867564174312,-3.324358256878712e-05,-0.1968,-0.11933184318376644,-0.07750366912221336,-0.1968355123059798,4.5905488159827346e-11
145,0.06640625,0.06640625,0.0,1.003,1.0030313911266722,3.1391126672275504e-05,0.0019607888988921506,0.001960114464431741,-6.74434460409476e-07,0.14876999999999999,0.14874759455247213,-2.240544752785123e-05,-0.05503,-0.053936566828710945,-0.001090374278341122,-0.055026941107052064,4.0514340813502524e-11
146,0.0703125,0.0703125,0.0,0.9254,0.9253770637075159,-2.2936292484065923e-05,0.0019607888988921506,0.001960114464431741,-6.74434460409476e-07,0.10908,0.10909230520254824,1.2305202548246186e-05,0.017650000000000002,-0.02221842196567606,0.039871226437988,0.017652804472311944,3.2789809920231e-11
147,0.07421875,0.07421875,0.0,0.9448,0.9448131392112118,1.3139211211821156e-05,0.0019607888988921506,0.001960114464431741,-6.74434460409476e-07,0.12240000000000001,0.12239897369331207,-1.0263066879401261e-06,0.025389999999999996,-0.01709191501454518,0.042475906054949414,0.025383991040404234,2.99024696337532e-11
148,0.078125,0.078125,0.0,1.053,1.0529494751359034,-5.05248640965128e-05,0.0019607888988921506,0.001960114464431741,-6.74434460409476e-07,0.18144,0.18140720746263064,-3.2792537369347174e-05,-0.047280100000000005,-0.047617361240264666,0.0003399302613608944,-0.04727743097890377,3.532298127727462e-11
149,0.08203125,0.08203125,0.0,1.183,1.182697319900891,-0.0003026800991090539,0.0019607888988921506,0.001960114464431741,-6.74434460409476e-07,0.23597999999999997,0.23600176231143274,2.176231143277696e-05,-0.1744,-0.10620613284799277,-0.06819543737836894,-0.1744015702263617,4.446682517144759e-11
150,0.0859375,0.0859375,0.0,1.28,1.2796924554760998,-0.00030754452390024944,0.0019607888988921506,0.001960114464431741,-6.74434460409476e-07,0.24633,0.2463174555787665,-1.254442123349575e-05,-0.272,-0.15224534847050372,-0.11976874186995928,-0.272014090340463,5.0364855244746315e-11
151,0.08984375,0.08984375,0.0,1.225,1.224605860928164,-0.0003941390718360527,0.0019607888988921506,0.001960114464431741,-6.74434460409476e-07,0.10521,0.10519783287643396,-1.2167123566039773e-05,-0.3611,-0.19827938863202774,-0.16282847346943707,-0.36110786210146484,4.5108592456280336e-11
152,0.09375,0.09375,0.0,1.099,1.0994793407823253,0.0004793407823253659,0.0019607888988921506,0.001960114464431741,-6.74434460409476e-07,0.059265,0.0592666654267565,1.6654267565030523e-06,-0.2952,-0.16955493523147014,-0.125571877421151,-0.29512681265262114,3.157422717638847e-11
153,0.09765625,0.09765625,0.0,0.9654,0.9653883173502259,-1.1682649774136245e-05,0.0019607888988921506,0.001960114464431741,-6.74434460409476e-07,0.09612,0.09608198170641231,-3.8018293587682717e-05,-0.05700197,-0.057031362881155616,2.8032603690780842e-05,-0.057003330277464834,2.311261122479079e-11
154,0.1015625,0.10156250000000001,1.3877787807814457e-17,0.9161,0.9161028235837577,2.8235837576939815e-06,0.0019607888988921506,0.001960114464431741,-6.74434460409476e-07,0.12240000000000001,0.12238227986249209,-1.7720137507920564e-05,0.12564,0.031140414884718005,0.0944980950375191,0.1256385099222371,1.946820837636458e-11
155,0.10546875,0.10546875,0.0,0.9818,0.9817583791431072,-4.162085689285444e-05,0.0019607888988921506,0.001960114464431741,-6.74434460409476e-07,0.1431,0.14309781706036662,-2.1829396333883366e-06,0.008999999999999998,-0.023082486508679157,0.032080884036861615,0.008998397528182458,7.290268549565211e-12
156,0.109375,0.109375,0.0,1.084,1.0843786160454076,0.0003786160454075649,0.0019607888988921506,0.001960114464431741,-6.74434460409476e-07,0.24264,0.24266801625689002,2.8016256890028846e-05,-0.012879999999999999,-0.029051619703412343,0.016166300770846565,-0.012885318932565778,3.5979606484924546e-12
157,0.11328125,0.11328125000000001,1.3877787807814457e-17,1.186,1.1856533818472157,-0.00034661815278425046,0.0019607888988921506,0.001960114464431741,-6.74434460409476e-07,0.42282000000000003,0.42284434606697224,2.4346066972213976e-05,-0.06697,-0.05240360183065808,-0.014574265064113627,-0.0669778668947717,6.564676437022597e-12
158,0.1171875,0.1171875,0.0,1.225,1.224972678043418,-2.732195658206038e-05,0.0019607888988921506,0.001960114464431741,-6.74434460409476e-07,0.5327999999999999,0.5328282799418188,2.8279941818865062e-05,-0.18318,-0.10931520739324257,-0.07388388172568264,-0.1831990891189252,1.1546390727416188e-11
159,0.12109375,0.12109375,0.0,1.145,1.144645790100875,-0.0003542098991249354,0.0019607888988921506,0.001960114464431741,-6.74434460409476e-07,0.38672999999999996,0.3867498748772701,1.9874877270120717e-05,-0.14912999999999998,-0.09486379451118172,-0.054272749786215435,-0.14913654429739714,1.4789070002731985e-11
160,0.125,0.125,0.0,1.042,1.042491463207915,0.0004914632079149328,0.0019607888988921506,0.001960114464431741,-6.74434460409476e-07,0.18846,0.18844791427955532,-1.2085720444671155e-05,-0.19226,-0.1205907574666751,-0.07165930771715913,-0.19225006518383422,1.799409393795977e-11
161,0.12890625,0.12890625,0.0,0.9811,0.9810973526600043,-2.647339995665021e-06,0.0019607888988921506,0.001960114464431741,-6.74434460409476e-07,0.081477,0.08147577969667072,-1.2203033292745857e-06,-0.21056,-0.13290537992166238,-0.07766383900470074,-0.2105692189263631,2.5227373098191336e-11
162,0.1328125,0.1328125,0.0,0.9527,0.9526757342744291,-2.426572557090445e-05,0.0019607888988921506,0.001960114464431741,-6.74434460409476e-07,0.052163999999999995,0.05216125516412104,-2.7448358789552985e-06,0.013310000000000002,-0.022636972915124863,0.035946924939546425,0.013309952024421562,3.654164986517464e-11
163,0.13671875,0.13671875,0.0,1.008,1.0075599317341917,-0.00044006826580833547,0.0019607888988921506,0.001960114464431741,-6.74434460409476e-07,0.042966,0.04297018432329511,4.184323295110259e-06,0.0912,0.019410394952012883,0.07178551577424816,0.09119591072626104,5.285563200419773e-11
164,0.140625,0.140625,0.0,1.075,1.074580075251765,-0.00041992474823504544,0.0019607888988921506,0.001960114464431741,-6.74434460409476e-07,0.03340799999999999,0.03340598365487784,-2.0163451221535955e-06,0.13132,0.042636364093183346,0.08868470379146168,0.13132106788464504,6.529107597853147e-11
165,0.14453125,0.14453125,0.0,1.118,1.1176695833303285,-0.000330416669671596,0.0019607888988921506,0.001960114464431741,-6.74434460409476e-07,0.032390999999999996,0.032389902103741555,-1.097896258440978e-06,0.12228,0.03986063912450826,0.08242010034831343,0.1222807394728217,7.199038591044717e-11
166,0.1484375,0.1484375,0.0,1.092,1.0922154192943954,0.0002154192943952804,0.0019607888988921506,0.001960114464431741,-6.74434460409476e-07,0.048014999999999995,0.048010738256836195,-4.2617431637997916e-06,0.07917,0.01729750824261077,0.06187488599829094,0.07917239424090171,7.33229506601747e-11
167,0.15234375,0.15234375,0.0,1.024,1.0244312644738562,0.0004312644738562188,0.0019607888988921506,0.001960114464431741,-6.74434460409476e-07,0.08829899999999999,0.08829504961924566,-3.950380754333405e-06,0.036788,-0.006942294104198932,0.04372869945651059,0.03678640535231166,6.927065503727236e-11
168,0.15625,0.15625,0.0,0.9841,0.9841227550502568,2.275505025683966e-05,0.0019607888988921506,0.001960114464431741,-6.74434460409476e-07,0.16416,0.16414823275122636,-1.176724877363644e-05,0.01922,-0.01783602722817737,0.03706409582206792,0.01922806859389055,6.445697394017635e-11
169,0.16015625,0.16015625,0.0,0.9852,0.9852396829304702,3.968293047018623e-05,0.0019607888988921506,0.001960114464431741,-6.74434460409476e-07,0.28593,0.28592191228430774,-8.087715692273179e-06,0.021079999999999998,-0.016849086061153973,0.037925670304425785,0.02107658424327181,5.980755626502245e-11
170,0.1640625,0.1640625,0.0,1.034,1.034336382380084,0.00033638238008393273,0.0019607888988921506,0.001960114464431741,-6.74434460409476e-07,0.44109,0.44109735734547656,7.357345476577404e-06,-0.07054,-0.060123577203505876,-0.010417460444085118,-0.070541037647591,5.8017659852758985e-11
171,0.16796875,0.16796875,0.0,1.099,1.0988129872100674,-0.00018701278993260573,0.0019607888988921506,0.001960114464431741,-6.74434460409476e-07,0.55026,0.5502722018277584,1.2201827758406836e-05,-0.2606,-0.1523450777759782,-0.10829941570200591,-0.26064449347798413,5.560430495726983e-11
172,0.171875,0.171875,0.0,1.119,1.1189592296446464,-4.077035535354767e-05,0.0019607888988921506,0.001960114464431741,-6.74434460409476e-07,0.58824,0.588212068496304,-2.7931503695954873e-05,-0.13778,-0.09011736488768068,-0.04765619605267812,-0.1377735609403588,5.259441645314967e-11
173,0.17578125,0.17578125,0.0,1.067,1.0665841846959987,-0.00041581530400125466,0.0019607888988921506,0.001960114464431741,-6.74434460409476e-07,0.47664,0.4766303883955582,-9.611604441794874e-06,-0.024300000000000002,-0.035520399739239684,0.011220943064821002,-0.024299456674418685,4.7089331369882726e-11
174,0.1796875,0.1796875,0.0,0.9995,0.9995384918782771,3.849187827709155e-05,0.0019607888988921506,0.001960114464431741,-6.74434460409476e-07,0.33147,0.3315089574322004,3.8957432200392716e-05,0.09353,0.02015563021522633,0.0733736639344677,0.09352929414969403,3.71291133088756e-11
175,0.18359375,0.18359375000000003,2.7755575615628914e-17,0.9498,0.9498451030724746,4.510307247462819e-05,0.0019607888988921506,0.001960114464431741,-6.74434460409476e-07,0.24732,0.24732659284335193,6.592843351915789e-06,0.1879,0.06449516766550953,0.12342762988370748,0.187922797549217,3.312797536934752e-11
176,0.1875,0.1875,0.0,0.9872,0.9871557737343302,-4.4226265669800036e-05,0.0019607888988921506,0.001960114464431741,-6.74434460409476e-07,0.17478,0.17479208389826964,1.2083898269649174e-05,-0.039113999999999996,-0.046836925837759544,0.007726309767911737,-0.03911061606984781,2.5302879150007237e-11
177,0.19140625,0.19140625,0.0,1.052,1.0524348195093096,0.0004348195093095697,0.0019607888988921506,0.001960114464431741,-6.74434460409476e-07,0.077661,0.07765682451086169,-4.1754891383083415e-06,-0.31620000000000004,-0.1821204772980135,-0.13411174416247684,-0.31623222146049035,5.536146663756099e-12
178,0.1953125,0.1953125,0.0,1.161,1.1606717893163199,-0.0003282106836801635,0.0019607888988921506,0.001960114464431741,-6.74434460409476e-07,0.15021,0.1501968785337015,-1.3121466298504636e-05,-0.375,-0.20724006397569628,-0.16776102162747605,-0.37500108560317236,2.1291076453379932e-11
179,0.19921875,0.19921875,0.0,1.228,1.2284165634684339,0.0004165634684338837,0.0019607888988921506,0.001960114464431741,-6.74434460409476e-07,0.36971999999999994,0.36967835446672365,-4.164553327629106e-05,-0.3658,-0.2005171227560145,-0.1652829328456842,-0.3658000556016987,3.661749195462208e-11
180,0.203125,0.20312500000000003,2.7755575615628914e-17,1.176,1.1763999917469168,0.00039999174691685013,0.0019607888988921506,0.001960114464431741,-6.74434460409476e-07,0.39951,0.3995209539675126,1.09539675126058e-05,-0.2708,-0.15461716370090223,-0.1161917531138575,-0.2708089168147597,4.9809796384856306e-11
181,0.20703125,0.20703125,0.0,1.07,1.0701972612518744,0.00019726125187435883,0.0019607888988921506,0.001960114464431741,-6.74434460409476e-07,0.30230999999999997,0.302325124099225,1.5124099225050092e-05,-0.1966,-0.12152211851964345,-0.07509526315961638,-0.19661738167925985,5.751363912438265e-11
182,0.2109375,0.2109375,0.0,0.9721,0.9721350933151321,3.5093315132184166e-05,0.0019607888988921506,0.001960114464431741,-6.74434460409476e-07,0.22347,0.22348154133659634,1.1541336596337937e-05,-0.11016000000000001,-0.08321462754061637,-0.02695099912516193,-0.1101656266657783,5.462716024702925e-11
183,0.21484375,0.21484375000000003,2.7755575615628914e-17,0.9152,0.9151784503071839,-2.154969281609187e-05,0.0019607888988921506,0.001960114464431741,-6.74434460409476e-07,0.19341,0.1934159361131782,5.936113178200975e-06,0.12844,0.03247565643462557,0.09596471675624327,0.12844037319086885,5.025025815601039e-11
184,0.21875,0.21875,0.0,0.9767,0.9767028014859408,2.8014859407843318e-06,0.0019607888988921506,0.001960114464431741,-6.74434460409476e-07,0.24317999999999998,0.24321820831014548,3.820831014550441e-05,0.11109,0.027672696446839756,0.08342049353591571,0.11109318998275547,6.058754930490996e-11
185,0.22265625,0.22265625,0.0,1.117,1.1174456496739327,0.00044564967393267985,0.0019607888988921506,0.001960114464431741,-6.74434460409476e-07,0.30915,0.30915583620329173,5.8362032917536055e-06,-0.11532,-0.07895196532752995,-0.03636768918680439,-0.11531965451433435,7.937314636036045e-11
186,0.2265625,0.22656250000000003,2.7755575615628914e-17,1.236,1.2362946908055907,0.0002946908055907471,0.0019607888988921506,0.001960114464431741,-6.74434460409476e-07,0.30123,0.3012690198224095,3.901982240950286e-05,-0.22503,-0.12990747662767785,-0.09512532927656214,-0.22503280590424,8.897109132755275e-11
187,0.23046875,0.23046875,0.0,1.274,1.2737977650081065,-0.0002022349918935351,0.0019607888988921506,0.001960114464431741,-6.74434460409476e-07,0.16965,0.16965586173336253,5.861733362533261e-06,-0.3653,-0.19903493131999653,-0.1662570730283647,-0.36529200434836123,8.670211253829205e-11
188,0.234375,0.234375,0.0,1.17,1.1696177171723277,-0.0003822828276722756,0.0019607888988921506,0.001960114464431741,-6.74434460409476e-07,0.086994,0.0869979968351902,3.996835190200887e-06,-0.3434,-0.19112723833250742,-0.15225906412816642,-0.3433863024606738,7.265109881384935e-11
189,0.23828125,0.23828125,0.0,1.036,1.036385805780188,0.0003858057801879866,0.0019607888988921506,0.001960114464431741,-6.74434460409476e-07,0.11312999999999998,0.11313751659749063,7.516597490653254e-06,-0.23708,-0.14328097323771707,-0.09378272267195975,-0.23706369590967682,5.055184859000683e-11
190,0.2421875,0.2421875,0.0,0.937,0.9370006671586127,6.6715861268829e-07,0.0019607888988921506,0.001960114464431741,-6.74434460409476e-07,0.16848,0.16844288571376412,-3.7114286235873095e-05,-0.0288,-0.04467858256269372,0.015882836498385438,-0.02879574606430828,3.484791770313384e-11
191,0.24609375,0.24609375000000003,2.7755575615628914e-17,0.9318,0.9318120279286639,1.2027928663949083e-05,0.0019607888988921506,0.001960114464431741,-6.74434460409476e-07,0.18999000000000002,0.19001814644815984,2.814644815982148e-05,0.08437,0.011567633639585283,0.07280316414403783,0.08437079778362311,3.2580888290234355e-11
192,0.25,0.25,0.0,1.016,1.0155448131538496,-0.0004551868461504238,0.0019607888988921506,0.001960114464431741,-6.74434460409476e-07,0.26325,0.2632615899508161,1.158995081612657e-05,0.08572,0.01708221330911233,0.06863666253881522,0.08571887584792755,3.488276302176049e-11
193,0.25390625,0.25390625,0.0,1.142,1.1418707335765963,-0.00012926642340360672,0.0019607888988921506,0.001960114464431741,-6.74434460409476e-07,0.5095799999999999,0.5095550510789928,-2.4948921007128533e-05,-0.029678999999999997,-0.03522597738635855,0.005550981523613553,-0.029674995862744996,3.428476960553638e-11
194,0.2578125,0.2578125,0.0,1.241,1.2414527200277452,0.00045272002774510156,0.0019607888988921506,0.001960114464431741,-6.74434460409476e-07,0.8963099999999999,0.8963504953231123,4.049532311234394e-05,-0.054398,-0.04445486834159085,-0.009948456246052513,-0.05440332458764336,2.5423166243049494e-11
195,0.26171875,0.26171875,0.0,1.244,1.243585289423879,-0.00041471057612096907,0.0019607888988921506,0.001960114464431741,-6.74434460409476e-07,0.9054,0.9051731190679368,-0.00022688093206313376,-0.3008,-0.1676213367194154,-0.13324619546317426,-0.30086753218258966,1.0222830703249856e-11
196,0.265625,0.265625,0.0,1.137,1.1365053448918865,-0.0004946551081135286,0.0019607888988921506,0.001960114464431741,-6.74434460409476e-07,0.47493,0.47495643802079285,2.643802079282942e-05,-0.3467,-0.1939300201344747,-0.15276276952011825,-0.34669278965459294,1.1232621339809743e-11
197,0.26953125,0.26953125,0.0,1.008,1.0083666178744932,0.0003666178744932136,0.0019607888988921506,0.001960114464431741,-6.74434460409476e-07,0.17451,0.17446940016506943,-4.05998349305714e-05,-0.3393,-0.19584662205370437,-0.1435453050511778,-0.3393919271048822,2.6908794230915122e-11
198,0.2734375,0.2734375,0.0,0.9291,0.9290802569196782,-1.974308032182126e-05,0.0019607888988921506,0.001960114464431741,-6.74434460409476e-07,0.10854,0.10858425091901347,4.425091901347211e-05,-0.044218999999999994,-0.052914372389984976,0.008690876959740383,-0.04422349543024459,3.2651530578064976e-11
199,0.27734375,0.27734375,0.0,0.9594,0.9594325367504052,3.253675040515436e-05,0.0019607888988921506,0.001960114464431741,-6.74434460409476e-07,0.10557,0.10558492825329073,1.4928253290732996e-05,0.12974,0.035986313523244495,0.09375469224086089,0.12974100576410538,3.614849306672386e-11
200,0.28125,0.28125,0.0,1.042,1.0423686207145433,0.0003686207145432441,0.0019607888988921506,0.001960114464431741,-6.74434460409476e-07,0.08967599999999999,0.08967236006123579,-3.6399387642049863e-06,0.16167,0.056368108081784364,0.10530912698597122,0.16167723506775558,4.5904181447973724e-11
201,0.28515625,0.28515625,0.0,1.132,1.132312003698941,0.0003120036989410213,0.0019607888988921506,0.001960114464431741,-6.74434460409476e-07,0.10142999999999999,0.10146776236214797,3.7762362147975015e-05,0.14806999999999998,0.05330444572015108,0.09477337798918378,0.14807782370933487,5.342318593090302e-11
202,0.2890625,0.2890625,0.0,1.177,1.1771053302406855,0.00010533024068548613,0.0019607888988921506,0.001960114464431741,-6.74434460409476e-07,0.15794999999999998,0.15797934421084234,2.9344210842358054e-05,0.07951,0.02056254162914216,0.058945712266827155,0.07950825389596931,5.6474498073011406e-11
203,0.29296875,0.29296875,0.0,1.119,1.1191615717561014,0.0001615717561014307,0.0019607888988921506,0.001960114464431741,-6.74434460409476e-07,0.26667,0.2667100262168838,4.002621688375951e-05,0.07679,0.01716920419059085,0.05962283578994102,0.07679203998053187,5.957700119375036e-11
204,0.296875,0.296875,0.0,1.02,1.0202458465993531,0.0002458465993531167,0.0019607888988921506,0.001960114464431741,-6.74434460409476e-07,0.38709,0.3871025213032159,1.2521303215884405e-05,0.17411000000000001,0.06151251505394533,0.11259155460888136,0.17410406966282668,5.986350838980059e-11
205,0.30078125,0.30078125,0.0,0.9947,0.9947010289620898,1.0289620897552254e-06,0.0019607888988921506,0.001960114464431741,-6.74434460409476e-07,0.54792,0.5479461692139477,2.616921394771321e-05,-0.004399999999999998,-0.02907014208373252,0.02467251846355628,-0.00439762362017624,5.790696277517743e-11
206,0.3046875,0.3046875,0.0,0.9886,0.9885719198645405,-2.8080135459518374e-05,0.0019607888988921506,0.001960114464431741,-6.74434460409476e-07,0.72162,0.7216019643700499,-1.8035629950174936e-05,-0.20834999999999998,-0.1313608568148575,-0.07694806695667145,-0.20830892377152896,5.355520401832405e-11
207,0.30859375,0.30859375,0.0,1.022,1.0217491203567315,-0.0002508796432685312,0.0019607888988921506,0.001960114464431741,-6.74434460409476e-07,0.8459099999999999,0.8458878393642421,-2.2160635757884073e-05,-0.21563,-0.133271640006468,-0.08233242132142676,-0.21560406132789475,5.121880161530485e-11
208,0.3125,0.3125,0.0,1.061,1.061322215132548,0.0003222151325481537,0.0019607888988921506,0.001960114464431741,-6.74434460409476e-07,0.9369,0.9365015882778356,-0.00039841172216437126,-0.061821,-0.05450889027093321,-0.007310757229790504,-0.06181964750072372,5.0807595091881915e-11
209,0.31640625,0.31640625,0.0,1.087,1.0866726772645068,-0.00032732273549318514,0.0019607888988921506,0.001960114464431741,-6.74434460409476e-07,0.9242999999999999,0.923909937220896,-0.00039006277910391685,0.10244,0.028700483401002674,0.07374148673208154,0.10244197013308422,4.9554989865881334e-11
210,0.3203125,0.3203125,0.0,1.049,1.0491530147218486,0.0001530147218486988,0.0019607888988921506,0.001960114464431741,-6.74434460409476e-07,0.7264799999999999,0.726438162257993,-4.18377420069449e-05,0.2499,0.10082375429533304,0.1491244862746756,0.24994824057000864,4.731143939301518e-11
211,0.32421875,0.32421875000000006,5.551115123125783e-17,1.009,1.0088803130738442,-0.00011968692615571541,0.0019607888988921506,0.001960114464431741,-6.74434460409476e-07,0.5246099999999999,0.5245845036761412,-2.549632385873135e-05,0.2586,0.1031512950271321,0.15539719821315573,0.25854849324028784,4.8380163185416065e-11
212,0.328125,0.328125,0.0,0.9867,0.9866656101181849,-3.438988181514446e-05,0.0019607888988921506,0.001960114464431741,-6.74434460409476e-07,0.30186,0.3018980640052779,3.806400527789355e-05,0.002610000000000001,-0.026006429116677488,0.02861862269233082,0.002612193575653333,5.096376816759242e-11
213,0.33203125,0.33203125,0.0,0.9988,0.9988451236422443,4.512364224429355e-05,0.0019607888988921506,0.001960114464431741,-6.74434460409476e-07,0.13023,0.13025076262614405,2.0762626144033014e-05,-0.22952,-0.141417406213061,-0.08811856662744874,-0.22953597284050975,5.4226727580234365e-11
214,0.3359375,0.3359375,0.0,1.04,1.0398174727843958,-0.00018252721560418905,0.0019607888988921506,0.001960114464431741,-6.74434460409476e-07,0.22032,0.22031451919365455,-5.480806345437017e-06,-0.2572,-0.15316031392033153,-0.10398499460958716,-0.2571453085299187,5.6243012957785915e-11
215,0.33984375,0.33984375,0.0,1.145,1.145378055487218,0.0003780554872179209,0.0019607888988921506,0.001960114464431741,-6.74434460409476e-07,0.6234299999999999,0.6234428218262535,1.2821826253617274e-05,-0.4423,-0.24144544962676917,-0.2009181054848427,-0.44236355511161185,6.133286630641806e-11
216,0.34375,0.34375,0.0,1.18,1.1797506791123222,-0.00024932088767770644,0.0019607888988921506,0.001960114464431741,-6.74434460409476e-07,0.9854999999999999,0.9855267000945924,2.670009459249112e-05,-0.4667,-0.2524620819720282,-0.2142494286687791,-0.4667115106408073,6.987137960767105e-11
217,0.34765625,0.34765625000000006,5.551115123125783e-17,1.114,1.1140771888134477,7.718881344764839e-05,0.0019607888988921506,0.001960114464431741,-6.74434460409476e-07,0.8741699999999999,0.8741330075563363,-3.699244366361931e-05,-0.3091,-0.17598096042057734,-0.13314424283706822,-0.3091252032576456,7.278131448587672e-11
218,0.3515625,0.3515625,0.0,1.021,1.0206694265085774,-0.00033057349142251446,0.0019607888988921506,0.001960114464431741,-6.74434460409476e-07,0.6332399999999999,0.6332543902170247,1.4390217024762286e-05,-0.12972,-0.09038232489298205,-0.03933506072135779,-0.12971738561433985,7.025322823541486e-11
219,0.35546875,0.35546875,0.0,0.9441,0.9441221219459787,2.2121945978614832e-05,0.0019607888988921506,0.001960114464431741,-6.74434460409476e-07,0.45827999999999997,0.4583038647674124,2.386476741245147e-05,-0.006850000000000002,-0.03325335293790909,0.02640455459374882,-0.006848798344160269,6.93076746793071e-11
220,0.359375,0.359375,0.0,0.9388,0.9387856218947898,-1.437810521021099e-05,0.0019607888988921506,0.001960114464431741,-6.74434460409476e-07,0.46314,0.46317956027106155,3.956027106155613e-05,0.3248,0.1322223626997961,0.1925594184362669,0.324781781136063,7.658735106861353e-11
221,0.36328125,0.36328125,0.0,1.034,1.0339212907872362,-7.870921276387222e-05,0.0019607888988921506,0.001960114464431741,-6.74434460409476e-07,0.46557,0.4655834020254597,1.3402025459741118e-05,-0.02255,-0.03614885287195899,0.013600201477199765,-0.022548651394759228,8.807739256167996e-11
222,0.3671875,0.36718750000000006,5.551115123125783e-17,1.17,1.170487682618737,0.00048768261873699537,0.0019607888988921506,0.001960114464431741,-6.74434460409476e-07,0.32787,0.32783429913466733,-3.5700865332666254e-05,-0.3594,-0.19913351391365852,-0.16031529190577978,-0.3594488058194383,9.385181066798563e-11
223,0.37109375,0.37109375,0.0,1.258,1.257688896769149,-0.0003111032308509287,0.0019607888988921506,0.001960114464431741,-6.74434460409476e-07,0.13815,0.1381696419660322,1.9641966032213354e-05,-0.4296,-0.23158070515648543,-0.19797200362725834,-0.42955270878374374,8.842658332607041e-11
224,0.375,0.375,0.0,1.222,1.222410377188567,0.0004103771885670682,0.0019607888988921506,0.001960114464431741,-6.74434460409476e-07,0.10359,0.10357882441283128,-1.1175587168718581e-05,-0.3896,-0.21255793356801603,-0.1769713862939042,-0.3895293198619202,7.696128406513837e-11
225,0.37890625,0.37890625,0.0,1.112,1.1123367244653821,0.00033672446538202117,0.0019607888988921506,0.001960114464431741,-6.74434460409476e-07,0.17028,0.1703214525772397,4.145257723972562e-05,-0.37539999999999996,-0.20918944572903742,-0.16621288164377504,-0.3754023273728124,5.5501999384413125e-11
226,0.3828125,0.3828125,0.0,0.9912,0.9912223066291526,2.230662915259085e-05,0.0019607888988921506,0.001960114464431741,-6.74434460409476e-07,0.24650999999999998,0.246477930097854,-3.206990214599248e-05,-0.16707,-0.11058212363751896,-0.056469328927205964,-0.16705145256472492,3.629680254525694e-11
227,0.38671875,0.38671875000000006,5.551115123125783e-17,0.9206,0.9206110169776964,1.1016977696454155e-05,0.0019607888988921506,0.001960114464431741,-6.74434460409476e-07,0.26091,0.2609403927108708,3.039271087085238e-05,-0.024380000000000002,-0.04356030867669138,0.01917591198226787,-0.02438439669442351,2.8643674060140327e-11
228,0.390625,0.390625,0.0,0.9534,0.9534296383825132,2.963838251313078e-05,0.0019607888988921506,0.001960114464431741,-6.74434460409476e-07,0.32228999999999997,0.3222589256283794,-3.107437162058746e-05,0.09970000000000001,0.02060167901731084,0.07910132124794532,0.09970300026525616,2.8916222797198077e-11
229,0.39453125,0.39453125,0.0,1.07,1.0695665591102268,-0.00043344088977326223,0.0019607888988921506,0.001960114464431741,-6.74434460409476e-07,0.63819,0.6382233882290461,3.338822904608296e-05,0.15635,0.0549494443380347,0.10143122367409724,0.15638066801213193,3.300743273623241e-11
230,0.3984375,0.3984375,0.0,1.196,1.1955981177087525,-0.00040188229124749064,0.0019607888988921506,0.001960114464431741,-6.74434460409476e-07,1.2042,1.2043939790916707,0.00019397909167073735,-0.019450000000000002,-0.0283229764198486,0.00887040843473642,-0.01945256798511218,3.193066611301775e-11
231,0.40234375,0.40234375,0.0,1.283,1.2825569407331898,-0.00044305926681009744,0.0019607888988921506,0.001960114464431741,-6.74434460409476e-07,1.7406,1.7406100995834923,1.0099583492406694e-05,-0.22086,-0.1265957113407957,-0.09426432013090784,-0.22086003147170352,2.971006200146482e-11
232,0.40625,0.40625000000000006,5.551115123125783e-17,1.213,1.2129074668088466,-9.253319115343217e-05,0.0019607888988921506,0.001960114464431741,-6.74434460409476e-07,1.0341,1.0344658236309252,0.0003658236309251883,-0.5266,-0.28136674627872915,-0.24522561396750314,-0.5265923602462323,3.164949924410954e-11
233,0.41015625,0.41015625000000006,5.551115123125783e-17,1.081,1.0810178699293214,1.78699293214013e-05,0.0019607888988921506,0.001960114464431741,-6.74434460409476e-07,0.40058999999999995,0.40055221363329435,-3.778636670559443e-05,-0.47930000000000006,-0.2623998174487142,-0.21690357731727705,-0.47930339476599126,5.015882130792784e-11
234,0.4140625,0.4140625,0.0,0.9551,0.9551056043290281,5.6043290281859726e-06,0.0019607888988921506,0.001960114464431741,-6.74434460409476e-07,0.22760999999999998,0.22763677680884345,2.6776808843470556e-05,-0.20049,-0.12938240945443533,-0.07109284535771752,-0.20047525481215284,6.179927831136917e-11
235,0.41796875,0.41796875,0.0,0.9194,0.9193932463081658,-6.753691834227027e-06,0.0019607888988921506,0.001960114464431741,-6.74434460409476e-07,0.24686999999999998,0.24684076521138776,-2.9234788612220175e-05,0.16592,0.05152186660588525,0.1144242506949999,0.16594611730088515,6.523749065299404e-11
236,0.421875,0.421875,0.0,0.9914,0.9914198722616223,1.987226162236677e-05,0.0019607888988921506,0.001960114464431741,-6.74434460409476e-07,0.23750999999999997,0.23750451033857106,-5.489661428909054e-06,0.14191,0.043908510875533935,0.09800209813277294,0.14191060900830688,7.703638176408702e-11
237,0.42578125,0.42578125,0.0,1.098,1.0982724443338603,0.00027244433386020006,0.0019607888988921506,0.001960114464431741,-6.74434460409476e-07,0.31176,0.3117680950972377,8.09509723770363e-06,0.18328,0.06957840701353993,0.11365589486062716,0.1832343018741671,9.501918140332993e-11
238,0.4296875,0.42968750000000006,5.551115123125783e-17,1.194,1.1944543600313726,0.0004543600313726692,0.0019607888988921506,0.001960114464431741,-6.74434460409476e-07,0.5406299999999999,0.5405985817750976,-3.1418224902379777e-05,0.13095,0.04683765281391381,0.08411158154092302,0.13094923435483682,1.0490680238405198e-10
239,0.43359375,0.43359375,0.0,1.22,1.2196566669175313,-0.00034333308246869976,0.0019607888988921506,0.001960114464431741,-6.74434460409476e-07,0.8418599999999999,0.8418831353466615,2.3135346661540268e-05,0.005260000000000001,-0.015244120956580301,0.020495171532699315,0.005251050576119014,1.0944000037478768e-10
240,0.4375,0.4375,0.0,1.128,1.1282365667547534,0.00023656675475347555,0.0019607888988921506,0.001960114464431741,-6.74434460409476e-07,0.9225,0.9222479298257098,-0.0002520701742901865,0.09441999999999999,0.026318042688979405,0.06809922890942219,0.09441727159840159,1.070821314212717e-10
241,0.44140625,0.44140625,0.0,1.034,1.0335680663960114,-0.00043193360398863234,0.0019607888988921506,0.001960114464431741,-6.74434460409476e-07,0.81135,0.8113190597321372,-3.0940267862766824e-05,-0.11308,-0.08143437784309782,-0.0316540888525992,-0.11308846669569703,1.0315138545338204e-10
242,0.4453125,0.4453125,0.0,0.9754,0.9754054204334718,5.4204334717367075e-06,0.0019607888988921506,0.001960114464431741,-6.74434460409476e-07,0.65565,0.6556064585241116,-4.3541475888364545e-05,-0.4235,-0.23966037913764576,-0.18376930996174734,-0.4234296890993931,1.0400496339319447e-10
243,0.44921875,0.44921875000000006,5.551115123125783e-17,0.957,0.95698559095653,-1.4409043469942873e-05,0.0019607888988921506,0.001960114464431741,-6.74434460409476e-07,0.5518799999999999,0.5518797393702874,-2.6062971247853284e-07,-0.13224,-0.09514607304753549,-0.03708792937464194,-0.13223400242217742,1.0584831043360484e-10
244,0.453125,0.45312500000000006,5.551115123125783e-17,1.015,1.0152336844283962,0.0002336844283963302,0.0019607888988921506,0.001960114464431741,-6.74434460409476e-07,0.63261,0.6326471342810993,3.713428109930472e-05,0.11882999999999999,0.03361964690123564,0.08520830760226196,0.11882795450349759,1.094938204519351e-10
245,0.45703125,0.45703125,0.0,1.082,1.082360823751999,0.0003608237519989732,0.0019607888988921506,0.001960114464431741,-6.74434460409476e-07,0.6894,0.6894029576128341,2.957612834086909e-06,0.30110000000000003,0.12785217139339186,0.17324055416553194,0.3010927255589238,1.1667986676495227e-10
246,0.4609375,0.4609375,0.0,1.115,1.1149384204387247,-6.15795612752823e-05,0.0019607888988921506,0.001960114464431741,-6.74434460409476e-07,0.5840099999999999,0.5840387645364984,2.8764536498471216e-05,0.40900000000000003,0.18312715044485722,0.22589592531309838,0.4090230757579556,1.2759825227730713e-10
247,0.46484375,0.46484375,0.0,1.085,1.0851294287559075,0.00012942875590749026,0.0019607888988921506,0.001960114464431741,-6.74434460409476e-07,0.35063999999999995,0.350612479799228,-2.7520200771957715e-05,0.38970000000000005,0.1722844991138106,0.21744402667287624,0.3897285257866868,1.36172342769058e-10
248,0.46875,0.46875,0.0,1.015,1.0154269237011144,0.00042692370111452327,0.0019607888988921506,0.001960114464431741,-6.74434460409476e-07,0.17387999999999998,0.1738538930699008,-2.6106930099190073e-05,0.09340999999999999,0.020922427104830832,0.07249451717036719,0.09341694427519802,1.271644452315119e-10
249,0.47265625,0.47265625000000006,5.551115123125783e-17,0.9836,0.9835613875549832,-3.8612445016794616e-05,0.0019607888988921506,0.001960114464431741,-6.74434460409476e-07,0.23463,0.23465524537902746,2.5245379027455384e-05,0.004210000000000002,-0.02537925927246101,0.02958593194216327,0.0042066726697022605,1.0780528312096719e-10
250,0.4765625,0.4765625,0.0,0.9871,0.987101308189635,1.3081896350630728e-06,0.0019607888988921506,0.001960114464431741,-6.74434460409476e-07,0.6208199999999999,0.6207948401396653,-2.5159860334578177e-05,0.009990000000000002,-0.0222856507487907,0.03228353168438773,0.009997880935597031,9.954297105811134e-11
251,0.48046875,0.48046875,0.0,1.045,1.044945048095794,-5.4951904205902125e-05,0.0019607888988921506,0.001960114464431741,-6.74434460409476e-07,1.287,1.2868635886702988,-0.0001364113297011027,-0.23506,-0.14186571410818846,-0.09316399057687261,-0.23502970468506107,9.582102673128114e-11
252,0.484375,0.484375,0.0,1.105,1.105000690364095,6.903640950017831e-07,0.0019607888988921506,0.001960114464431741,-6.74434460409476e-07,1.89,1.890264876800097,0.00026487680009701364,-0.6167,-0.33013733984630345,-0.2865822304780863,-0.6167195703243897,8.327752715107266e-11
253,0.48828125,0.48828125,0.0,1.119,1.118552330219755,-0.0004476697802449081,0.0019607888988921506,0.001960114464431741,-6.74434460409476e-07,2.2176,2.217767159338587,0.0001671593385870196,-0.36629999999999996,-0.20439689292600538,-0.16190449869626322,-0.3663013916222686,6.814000809973924e-11
254,0.4921875,0.49218750000000006,5.551115123125783e-17,1.059,1.0585482448558432,-0.00045175514415674023,0.0019607888988921506,0.001960114464431741,-6.74434460409476e-07,1.8603,1.8600528469557556,-0.0002471530442444969,-0.16752,-0.10747568378578265,-0.06002256431919564,-0.1674982481049783,5.224268198918666e-11
255,0.49609375,0.49609375,0.0,0.9912,0.9912328997544245,3.289975442455351e-05,0.0019607888988921506,0.001960114464431741,-6.74434460409476e-07,1.3491,1.349233411647863,0.0001334116478630687,0.12226000000000001,0.03407446014963124,0.08818731975706419,0.12226177990669543,4.173269930236627e-11
